id,date,total_steps,calories,calories_in,sleep_hours,target,Class,weight
1503960366,2016-04-12,13162,1985,1379.0,5.0,1.0,lose,52.491291390787765
1503960366,2016-04-13,10735,1797,1577.0,6.0,1.0,lose,52.4891864741211
1503960366,2016-04-14,10460,1776,1125.0,6.0,1.0,lose,52.4620798491211
1503960366,2016-04-15,9762,1745,1574.0,6.0,1.0,lose,52.5207228491211
1503960366,2016-04-16,12669,1863,1493.0,5.0,1.0,lose,52.523559828287766
1503960366,2016-04-17,9705,1728,1485.0,11.0,1.0,lose,52.4328802241211
1503960366,2016-04-18,13019,1921,1887.0,6.0,1.0,lose,52.513615099121104
1503960366,2016-04-19,15506,2035,1437.0,5.0,1.0,lose,52.4688040991211
1503960366,2016-04-20,10544,1786,1686.0,6.0,1.0,lose,52.5179635991211
1503960366,2016-04-21,9819,1775,1602.0,5.0,1.0,lose,52.53542639078777
1503960366,2016-04-22,12764,1827,1613.0,6.0,1.0,lose,52.5189450991211
1503960366,2016-04-23,14371,1949,1821.0,6.0,1.0,lose,52.5115610991211
1503960366,2016-04-24,10039,1788,1773.0,7.0,1.0,lose,52.50780680745444
1503960366,2016-04-25,15355,2013,1900.0,4.0,1.0,lose,52.535270390787765
1503960366,2016-04-26,13755,1970,1474.0,4.0,1.0,lose,52.5028104741211
1503960366,2016-04-27,18134,2159,1469.0,6.0,1.0,lose,52.4623138491211
1503960366,2016-04-28,13154,1898,1262.0,6.0,1.0,lose,52.4409905991211
1503960366,2016-04-29,11181,1837,1407.0,5.0,1.0,lose,52.502753057454434
1503960366,2016-04-30,14673,1947,1517.0,6.0,1.0,lose,52.503959349121104
1503960366,2016-05-01,10602,1820,1360.0,6.0,1.0,lose,52.4919099741211
1503960366,2016-05-02,14727,2004,1539.0,4.0,1.0,lose,52.51113155745443
1503960366,2016-05-03,15103,1990,1945.0,4.0,1.0,lose,52.563042724121104
1503960366,2016-05-04,11100,1819,1560.0,6.0,1.0,lose,52.520636724121104
1503960366,2016-05-05,14070,1959,1784.0,4.0,1.0,lose,52.5417227241211
1503960366,2016-05-06,12159,1896,1630.0,5.0,1.0,lose,52.52789451578776
1503960366,2016-05-07,11992,1821,1344.0,5.0,1.0,lose,52.469915869954434
1503960366,2016-05-08,10060,1740,1026.0,9.0,1.0,lose,52.4451050991211
1503960366,2016-05-09,12022,1819,1761.0,5.0,1.0,lose,52.56340618245444
1503960366,2016-05-10,12207,1859,1629.0,6.0,1.0,lose,52.5364512241211
1503960366,2016-05-11,12770,1783,1145.0,4.0,1.0,lose,52.46499455745443
1624580081,2016-04-12,8163,1432,1109.0,6.0,1.0,gain,49.9607617057634
1624580081,2016-04-13,7007,1411,1706.0,6.0,0.0,gain,50.05256608076339
1624580081,2016-04-14,9107,1572,1254.0,6.0,1.0,gain,49.97030695576339
1624580081,2016-04-15,1510,1344,1649.0,6.0,0.0,gain,50.057374455763394
1624580081,2016-04-16,5370,1463,1675.0,6.0,0.0,gain,50.0649810807634
1624580081,2016-04-17,6175,1554,1649.0,6.0,0.0,gain,50.0434173307634
1624580081,2016-04-18,10536,1604,1249.0,6.0,1.0,gain,49.966298080763394
1624580081,2016-04-19,2916,1435,1748.0,6.0,0.0,gain,50.03264033076339
1624580081,2016-04-20,4974,1446,1993.0,6.0,0.0,gain,50.088613455763394
1624580081,2016-04-21,6349,1467,1708.0,6.0,0.0,gain,50.030545705763394
1624580081,2016-04-22,4026,1470,2028.0,6.0,0.0,gain,50.0892147057634
1624580081,2016-04-23,8538,1562,965.0,6.0,1.0,gain,49.95497670576339
1624580081,2016-04-24,6076,1617,2145.0,6.0,0.0,gain,50.08583958076339
1624580081,2016-04-25,6497,1492,2006.0,6.0,0.0,gain,50.0892959557634
1624580081,2016-04-26,2826,1402,1664.0,6.0,0.0,gain,50.0255130807634
1624580081,2016-04-27,8367,1670,1581.0,6.0,1.0,gain,49.99051870576339
1624580081,2016-04-28,2759,1401,1470.0,6.0,0.0,gain,50.03014758076339
1624580081,2016-04-29,2390,1404,1965.0,6.0,0.0,gain,50.0953783307634
1624580081,2016-04-30,6474,1655,1714.0,6.0,0.0,gain,50.02105733076339
1624580081,2016-05-01,36019,2690,2324.0,6.0,1.0,gain,49.9669952057634
1624580081,2016-05-02,7155,1497,2173.0,6.0,0.0,gain,50.11195820576339
1624580081,2016-05-03,2100,1334,1442.0,6.0,0.0,gain,50.04223433076339
1624580081,2016-05-04,2193,1368,1823.0,6.0,0.0,gain,50.07168095576339
1624580081,2016-05-05,2470,1370,1870.0,6.0,0.0,gain,50.09836020576339
1624580081,2016-05-06,1727,1341,1712.0,6.0,0.0,gain,50.06918658076339
1624580081,2016-05-07,2104,1474,1890.0,6.0,0.0,gain,50.0902027057634
1624580081,2016-05-08,3427,1427,1903.0,6.0,0.0,gain,50.0698528307634
1624580081,2016-05-09,1732,1328,1651.0,6.0,0.0,gain,50.076593330763394
1624580081,2016-05-10,2969,1393,1887.0,6.0,0.0,gain,50.069236955763394
1624580081,2016-05-11,3134,1359,1498.0,6.0,0.0,gain,50.039993455763394
1624580081,2016-05-12,2971,1002,1002.0,6.0,0.0,gain,49.992088455763394
1644430081,2016-04-12,10694,3199,2715.0,4.0,1.0,gain,58.66360486111317
1644430081,2016-04-13,8001,2902,2581.0,4.0,1.0,gain,58.6638919444465
1644430081,2016-04-14,11037,3226,3172.0,4.0,1.0,gain,58.72604277777983
1644430081,2016-04-15,5263,2750,2834.0,4.0,0.0,gain,58.71569477777983
1644430081,2016-04-16,15300,3493,3376.0,4.0,1.0,gain,58.71398527777984
1644430081,2016-04-17,8757,3011,2949.0,4.0,1.0,gain,58.7235846944465
1644430081,2016-04-18,7132,2806,3331.0,4.0,0.0,gain,58.7899496944465
1644430081,2016-04-19,11256,3300,3180.0,4.0,1.0,gain,58.687093694446496
1644430081,2016-04-20,2436,2430,2975.0,4.0,0.0,gain,58.79059752777983
1644430081,2016-04-21,1223,2140,2210.0,4.0,0.0,gain,58.72385661111316
1644430081,2016-04-22,3673,2344,2891.0,4.0,0.0,gain,58.77791061111317
1644430081,2016-04-23,6637,2677,3110.0,4.0,0.0,gain,58.7893711944465
1644430081,2016-04-24,3321,2413,2779.0,4.0,0.0,gain,58.772447361113166
1644430081,2016-04-25,3580,2497,2634.0,4.0,0.0,gain,58.73240086111316
1644430081,2016-04-26,9919,3123,2819.0,4.0,1.0,gain,58.68763102777983
1644430081,2016-04-27,3032,2489,2901.0,4.0,0.0,gain,58.75643786111316
1644430081,2016-04-28,9405,3108,2805.0,4.0,1.0,gain,58.6804864444465
1644430081,2016-04-29,3176,2498,2827.0,1.0,0.0,gain,58.78522527777983
1644430081,2016-04-30,18213,3846,3404.0,2.0,1.0,gain,58.680197736113165
1644430081,2016-05-01,6132,2696,3324.0,4.0,0.0,gain,58.7943891944465
1644430081,2016-05-02,3758,2580,2593.0,13.0,0.0,gain,58.6466198194465
1644430081,2016-05-03,12850,3324,3028.0,4.0,1.0,gain,58.67058586111317
1644430081,2016-05-04,2309,2222,2248.0,4.0,0.0,gain,58.71456377777983
1644430081,2016-05-05,4363,2463,2664.0,4.0,0.0,gain,58.75519636111317
1644430081,2016-05-06,9787,3328,3111.0,4.0,1.0,gain,58.68958536111317
1644430081,2016-05-07,13372,3404,3076.0,4.0,1.0,gain,58.66887527777983
1644430081,2016-05-08,6724,2987,3116.0,2.0,0.0,gain,58.75008140277984
1644430081,2016-05-09,6643,3008,3588.0,4.0,0.0,gain,58.785294611113166
1644430081,2016-05-10,9167,2799,2782.0,4.0,1.0,gain,58.7263406944465
1644430081,2016-05-11,1329,1276,1532.0,4.0,0.0,gain,58.7379626944465
1844505072,2016-04-12,6697,2030,2275.0,10.0,0.0,gain,93.1793874476516
1844505072,2016-04-13,4929,1860,1992.0,10.0,0.0,gain,93.1388680726516
1844505072,2016-04-14,7937,2130,2320.460850111857,10.0,0.0,gain,93.14992110816614
1844505072,2016-04-15,3844,1725,1822.0,10.0,0.0,gain,93.13758703098492
1844505072,2016-04-16,3414,1657,2043.0,10.0,0.0,gain,93.15425411431826
1844505072,2016-04-17,4525,1793,2149.0,10.0,0.0,gain,93.16269328098493
1844505072,2016-04-18,4597,1814,1844.0,10.0,0.0,gain,93.11810328098493
1844505072,2016-04-19,197,1366,1816.0,10.0,0.0,gain,93.2032749476516
1844505072,2016-04-20,8,1349,1409.0,10.0,0.0,gain,93.10952598931826
1844505072,2016-04-21,8054,2062,1753.0,10.0,1.0,gain,93.09719223931826
1844505072,2016-04-22,5372,1827,2205.0,10.0,0.0,gain,93.1618699476516
1844505072,2016-04-23,3570,1645,1853.0,10.0,0.0,gain,93.18512098931826
1844505072,2016-04-24,0,1347,1372.0,10.0,0.0,gain,93.15746348931826
1844505072,2016-04-25,0,1347,1412.0,10.0,0.0,gain,93.1041905726516
1844505072,2016-04-26,0,1347,1634.0,10.0,0.0,gain,93.1257299476516
1844505072,2016-04-27,4,1348,1352.0,10.0,0.0,gain,93.14340723931826
1844505072,2016-04-28,6907,1992,2073.0,10.0,0.0,gain,93.11626161431826
1844505072,2016-04-29,4920,1856,2224.0,10.0,0.0,gain,93.1528349476516
1844505072,2016-04-30,4014,1763,2089.0,12.0,0.0,gain,93.14548723931826
1844505072,2016-05-01,2573,1541,1553.0,9.0,0.0,gain,93.10513686431828
1844505072,2016-05-02,0,1348,1876.0,10.0,0.0,gain,93.2219786976516
1844505072,2016-05-03,4059,1742,2299.0,10.0,0.0,gain,93.17482661431826
1844505072,2016-05-04,2080,1549,2021.0,10.0,0.0,gain,93.14503765598494
1844505072,2016-05-05,2237,1589,1609.0,10.0,0.0,gain,93.09824848931828
1844505072,2016-05-06,44,1351,1899.0,10.0,0.0,gain,93.20353765598492
1844505072,2016-05-07,0,1347,1820.0,10.0,0.0,gain,93.21409203098492
1844505072,2016-05-08,0,1347,1472.0,10.0,0.0,gain,93.1054986976516
1844505072,2016-05-09,0,1347,1699.0,10.0,0.0,gain,93.17386786431828
1844505072,2016-05-10,0,1347,1489.0,10.0,0.0,gain,93.1339524476516
1844505072,2016-05-11,0,1347,1850.0,10.0,0.0,gain,93.15542140598492
1927972279,2016-04-12,678,2220,2260.0,12.0,0.0,gain,133.4345905
1927972279,2016-04-13,356,2151,2541.0,6.0,0.0,gain,133.50511875
1927972279,2016-04-14,2163,2383,2619.0,6.0,0.0,gain,133.46089925
1927972279,2016-04-15,980,2221,2295.0,7.0,0.0,gain,133.4509306875
1927972279,2016-04-16,0,2064,2516.0,6.0,0.0,gain,133.51549925
1927972279,2016-04-17,0,2063,2536.0,6.0,0.0,gain,133.518256875
1927972279,2016-04-18,244,2111,2147.0,6.0,0.0,gain,133.447910625
1927972279,2016-04-19,0,2063,2641.0,6.0,0.0,gain,133.534558875
1927972279,2016-04-20,0,2063,2307.0,6.0,0.0,gain,133.473956125
1927972279,2016-04-21,0,2064,2420.0,6.0,0.0,gain,133.474869375
1927972279,2016-04-22,149,2093,2647.0,6.0,0.0,gain,133.50853775
1927972279,2016-04-23,2945,2499,3000.0,6.0,0.0,gain,133.529245125
1927972279,2016-04-24,2090,2324,2855.0,6.0,0.0,gain,133.504801875
1927972279,2016-04-25,152,2100,2609.0,6.0,0.0,gain,133.50799175
1927972279,2016-04-26,3761,2638,2759.0,4.0,0.0,gain,133.48620808333334
1927972279,2016-04-27,0,2063,2084.0,6.0,0.0,gain,133.435905125
1927972279,2016-04-28,1675,2351,2898.0,2.0,0.0,gain,133.54719595833333
1927972279,2016-04-29,0,2063,2279.0,6.0,0.0,gain,133.473962625
1927972279,2016-04-30,0,2064,2628.0,6.0,0.0,gain,133.500141375
1927972279,2016-05-01,2704,2411,2897.0,6.0,0.0,gain,133.509670375
1927972279,2016-05-02,3790,2505,2988.0,6.0,0.0,gain,133.492097625
1927972279,2016-05-03,1326,2195,2711.0,6.0,0.0,gain,133.487078
1927972279,2016-05-04,1786,2338,2882.0,6.0,0.0,gain,133.50270725
1927972279,2016-05-05,0,2063,2167.0,6.0,0.0,gain,133.46473425
1927972279,2016-05-06,2091,2383,2651.0,6.0,0.0,gain,133.459396125
1927972279,2016-05-07,1510,2229,2611.0,6.0,0.0,gain,133.507449
1927972279,2016-05-08,0,2063,2624.0,6.0,0.0,gain,133.51397825
1927972279,2016-05-09,0,2063,2392.0,6.0,0.0,gain,133.495669375
1927972279,2016-05-10,0,2063,2166.0,6.0,0.0,gain,133.47454925
1927972279,2016-05-11,0,2063,2128.0,6.0,0.0,gain,133.42585125
1927972279,2016-05-12,0,1383,1974.0,6.0,0.0,gain,133.5232375
2022484408,2016-04-12,11875,2390,2003.0,6.0,1.0,lose,90.30576831110044
2022484408,2016-04-13,12024,2601,2345.0,6.0,1.0,lose,90.29625068610044
2022484408,2016-04-14,10690,2312,1729.0,6.0,1.0,lose,90.27592356110044
2022484408,2016-04-15,11034,2525,2182.0,6.0,1.0,lose,90.28386331110045
2022484408,2016-04-16,10100,2177,2119.0,6.0,1.0,lose,90.33301306110044
2022484408,2016-04-17,15112,2782,2544.0,6.0,1.0,lose,90.28894956110044
2022484408,2016-04-18,14131,2770,2291.0,6.0,1.0,lose,90.28684681110045
2022484408,2016-04-19,11548,2489,2304.0,6.0,1.0,lose,90.31603343610044
2022484408,2016-04-20,15112,2897,2581.0,6.0,1.0,lose,90.29397568610044
2022484408,2016-04-21,12453,3158,2843.0,6.0,1.0,lose,90.29512781110044
2022484408,2016-04-22,12954,2638,2482.0,6.0,1.0,lose,90.32969318610044
2022484408,2016-04-23,6001,2069,2419.0,6.0,0.0,lose,90.37881531110044
2022484408,2016-04-24,13481,2529,2088.0,6.0,1.0,lose,90.26717293610044
2022484408,2016-04-25,11369,2470,2263.0,6.0,1.0,lose,90.29955431110044
2022484408,2016-04-26,10119,2793,2567.0,6.0,1.0,lose,90.32984756110044
2022484408,2016-04-27,10159,2463,2116.0,6.0,1.0,lose,90.29337118610044
2022484408,2016-04-28,10140,2296,2081.0,6.0,1.0,lose,90.32456468610044
2022484408,2016-04-29,10245,2611,2053.0,6.0,1.0,lose,90.24560918610044
2022484408,2016-04-30,18387,2732,2592.0,6.0,1.0,lose,90.29594356110044
2022484408,2016-05-01,10538,2380,2231.0,6.0,1.0,lose,90.33985756110044
2022484408,2016-05-02,10379,2473,2140.0,6.0,1.0,lose,90.30187643610044
2022484408,2016-05-03,12183,2752,2632.0,6.0,1.0,lose,90.29757668610044
2022484408,2016-05-04,11768,2649,2083.0,6.0,1.0,lose,90.25039806110044
2022484408,2016-05-05,11895,2609,2060.0,6.0,1.0,lose,90.25293956110043
2022484408,2016-05-06,10227,2498,2212.0,6.0,1.0,lose,90.30016856110043
2022484408,2016-05-07,6708,1995,2138.0,6.0,0.0,lose,90.36077293610045
2022484408,2016-05-08,3292,1848,2013.0,6.0,0.0,lose,90.36443406110044
2022484408,2016-05-09,13379,2709,2199.0,6.0,1.0,lose,90.28649093610044
2022484408,2016-05-10,12798,2797,2736.0,6.0,1.0,lose,90.34212606110044
2022484408,2016-05-11,13272,2544,2350.0,6.0,1.0,lose,90.33235006110044
2022484408,2016-05-12,9117,1853,1442.0,6.0,1.0,lose,90.26817231110044
2026352035,2016-04-12,4414,1459,1740.0,8.0,0.0,gain,57.96312278914442
2026352035,2016-04-13,4993,1521,2050.0,8.0,0.0,gain,57.96269162247776
2026352035,2016-04-14,3335,1431,1447.0,9.0,0.0,gain,57.92176193497775
2026352035,2016-04-15,3821,1444,1688.0,8.0,0.0,gain,57.92424195581109
2026352035,2016-04-16,2547,1373,1709.0,8.0,0.0,gain,57.91598045581109
2026352035,2016-04-17,838,1214,1328.0,7.0,0.0,gain,57.90805560164442
2026352035,2016-04-18,3325,1419,1464.0,8.0,0.0,gain,57.88640112247775
2026352035,2016-04-19,2424,1356,1530.0,8.0,0.0,gain,57.88626462247775
2026352035,2016-04-20,7222,1667,1877.0,7.0,0.0,gain,57.92118018497775
2026352035,2016-04-21,2467,1370,1374.0,7.0,0.0,gain,57.92347089331109
2026352035,2016-04-22,2915,1399,1627.0,8.0,0.0,gain,57.91884695581109
2026352035,2016-04-23,12357,1916,1370.0,8.0,1.0,gain,57.83572278914442
2026352035,2016-04-24,3490,1401,1867.0,9.0,0.0,gain,57.94184937247776
2026352035,2016-04-25,6017,1576,1606.0,8.0,0.0,gain,57.89472762247775
2026352035,2016-04-26,5933,1595,1877.0,8.0,0.0,gain,57.96351062247776
2026352035,2016-04-27,6088,1593,1631.0,8.0,0.0,gain,57.894699455811086
2026352035,2016-04-28,6375,1649,2337.0,8.0,0.0,gain,57.99024945581109
2026352035,2016-04-29,7604,1692,1784.0,8.0,0.0,gain,57.92028345581109
2026352035,2016-04-30,4729,1506,1961.0,9.0,0.0,gain,57.92910693497775
2026352035,2016-05-01,3609,1447,1493.0,8.0,0.0,gain,57.87956962247775
2026352035,2016-05-02,7018,1690,2066.0,8.0,0.0,gain,57.93838162247776
2026352035,2016-05-03,5992,1604,2208.0,8.0,0.0,gain,57.95008378914442
2026352035,2016-05-04,6564,1658,2048.0,8.0,0.0,gain,57.94458478914442
2026352035,2016-05-05,12167,1926,1457.0,7.0,1.0,gain,57.82079201831109
2026352035,2016-05-06,8198,1736,1241.0,8.0,1.0,gain,57.85119278914442
2026352035,2016-05-07,4193,1491,1519.0,8.0,0.0,gain,57.89229445581108
2026352035,2016-05-08,5528,1555,1727.0,9.0,0.0,gain,57.93151680997775
2026352035,2016-05-09,10685,1869,1416.0,8.0,1.0,gain,57.837830955811086
2026352035,2016-05-10,254,1141,1265.0,5.0,0.0,gain,57.95491843497776
2026352035,2016-05-11,8580,1698,1194.0,8.0,1.0,gain,57.84703928914442
2026352035,2016-05-12,8891,1364,1218.0,7.0,1.0,gain,57.859011205811086
2320127002,2016-04-12,10725,2124,2010.0,1.0,1.0,gain,59.50530458937266
2320127002,2016-04-13,7275,2003,2453.0,1.0,0.0,gain,59.57483075603933
2320127002,2016-04-14,3973,1696,2170.0,1.0,0.0,gain,59.579958172706
2320127002,2016-04-15,5205,1801,2238.0,1.0,0.0,gain,59.57448977687267
2320127002,2016-04-16,5057,1724,2302.0,1.0,0.0,gain,59.594481881039336
2320127002,2016-04-17,6198,1852,2094.0,1.0,0.0,gain,59.54710933937267
2320127002,2016-04-18,6559,1905,2079.0,1.0,0.0,gain,59.539038235206
2320127002,2016-04-19,5997,1811,2141.0,1.0,0.0,gain,59.56208994353933
2320127002,2016-04-20,7192,1922,1957.0,1.0,0.0,gain,59.52119844353933
2320127002,2016-04-21,3404,1610,1703.0,1.0,0.0,gain,59.53200740187267
2320127002,2016-04-22,5583,1851,2102.0,1.0,0.0,gain,59.551617360206
2320127002,2016-04-23,5079,1804,2410.0,1.0,0.0,gain,59.602035422706
2320127002,2016-04-24,4165,1725,1786.0,1.0,0.0,gain,59.529090526872665
2320127002,2016-04-25,3588,1654,1772.0,1.0,0.0,gain,59.533047401872665
2320127002,2016-04-26,3409,1632,1900.0,1.0,0.0,gain,59.551368735206
2320127002,2016-04-27,1715,1481,1998.0,1.0,0.0,gain,59.58775356853933
2320127002,2016-04-28,1532,1473,2066.0,1.0,0.0,gain,59.59473294353933
2320127002,2016-04-29,924,1410,1815.0,1.0,0.0,gain,59.572677901872666
2320127002,2016-04-30,4571,1779,2163.0,1.0,0.0,gain,59.569022464372665
2320127002,2016-05-01,772,1403,2056.0,1.0,0.0,gain,59.60422727687266
2320127002,2016-05-02,3634,1613,1688.0,1.0,0.0,gain,59.53216746437266
2320127002,2016-05-03,7443,1878,2086.0,1.0,0.0,gain,59.54954494353933
2320127002,2016-05-04,1201,1426,1524.0,1.0,0.0,gain,59.528384735206
2320127002,2016-05-05,5202,1780,2064.0,1.0,0.0,gain,59.55986694353933
2320127002,2016-05-06,4878,1742,1894.0,1.0,0.0,gain,59.535390922706
2320127002,2016-05-07,7379,1972,2466.0,1.0,0.0,gain,59.58042644353933
2320127002,2016-05-08,5161,1821,2289.0,1.0,0.0,gain,59.578280360206
2320127002,2016-05-09,3090,1630,2286.0,1.0,0.0,gain,59.60249475603933
2320127002,2016-05-10,6227,1899,2223.0,1.0,0.0,gain,59.56468019353933
2320127002,2016-05-11,6424,1903,2514.0,1.0,0.0,gain,59.602234214372665
2320127002,2016-05-12,2661,1125,1138.0,1.0,0.0,gain,59.523356985206
2347167796,2016-04-12,10113,2344,1966.0,7.0,1.0,lose,89.31606403507976
2347167796,2016-04-13,10352,2038,1534.0,7.0,1.0,lose,89.3197628059131
2347167796,2016-04-14,10129,2010,1844.0,7.0,1.0,lose,89.35316386841309
2347167796,2016-04-15,10465,2133,2096.0,7.0,1.0,lose,89.37019170174644
2347167796,2016-04-16,22244,2670,2580.0,7.0,1.0,lose,89.36881288924643
2347167796,2016-04-17,5472,1882,1944.0,9.0,0.0,lose,89.33242047257976
2347167796,2016-04-18,8247,1944,1683.0,8.0,1.0,lose,89.32645807674643
2347167796,2016-04-19,6711,2346,2864.0,7.0,0.0,lose,89.42107045174643
2347167796,2016-04-20,10999,2198,1990.0,7.0,1.0,lose,89.3655910559131
2347167796,2016-04-21,10080,2048,1750.0,7.0,1.0,lose,89.31950253507976
2347167796,2016-04-22,7804,1946,2320.460850111857,6.0,0.0,lose,89.4296301955943
2347167796,2016-04-23,16901,2629,2108.0,6.0,1.0,lose,89.30733616007976
2347167796,2016-04-24,9471,2187,1684.0,7.0,1.0,lose,89.30593757674643
2347167796,2016-04-25,9482,2095,1846.0,7.0,1.0,lose,89.3411169309131
2347167796,2016-04-26,5980,1861,1932.0,7.0,0.0,lose,89.39815470174644
2347167796,2016-04-27,11423,2194,2091.0,7.0,1.0,lose,89.36422226424642
2347167796,2016-04-28,5439,1854,2131.0,6.0,0.0,lose,89.40839653507976
2873212765,2016-04-12,8796,1982,1404.0,6.0,1.0,gain,56.853725625
2873212765,2016-04-13,7618,2004,2482.0,6.0,0.0,gain,57.019127875
2873212765,2016-04-14,7910,1893,2320.460850111857,6.0,0.0,gain,57.01349703551454
2873212765,2016-04-15,8482,2063,1937.0,6.0,1.0,gain,56.948481
2873212765,2016-04-16,9685,2148,1691.0,6.0,1.0,gain,56.88340625
2873212765,2016-04-17,2524,1529,1888.0,6.0,0.0,gain,57.006972875
2873212765,2016-04-18,7762,1890,2320.460850111857,6.0,0.0,gain,56.98236691051454
2873212765,2016-04-19,7948,1956,2320.460850111857,6.0,0.0,gain,56.98668778551454
2873212765,2016-04-20,9202,2094,1628.0,6.0,1.0,gain,56.893369125
2873212765,2016-04-21,8859,1970,1812.0,6.0,1.0,gain,56.635896137939504
2873212765,2016-04-22,7286,2241,2616.0,6.0,0.0,gain,56.984079875
2873212765,2016-04-23,9317,2021,1860.0,6.0,1.0,gain,56.94343375
2873212765,2016-04-24,6873,1898,2538.0,6.0,0.0,gain,57.0360165
2873212765,2016-04-25,7373,1907,2316.0,6.0,0.0,gain,57.01057225
2873212765,2016-04-26,8242,1882,1348.0,6.0,1.0,gain,56.87405925
2873212765,2016-04-27,3516,1966,2060.0,6.0,0.0,gain,56.944842625
2873212765,2016-04-28,7913,1835,2320.460850111857,6.0,0.0,gain,56.985124535514544
2873212765,2016-04-29,7365,1780,2304.0,6.0,0.0,gain,57.017649125
2873212765,2016-04-30,8452,1830,1591.0,6.0,1.0,gain,56.91605575
2873212765,2016-05-01,7399,1739,2368.0,6.0,0.0,gain,57.017541875
2873212765,2016-05-02,7525,1878,2522.0,6.0,0.0,gain,57.043580875
2873212765,2016-05-03,7412,1906,2234.0,6.0,0.0,gain,56.97716875
2873212765,2016-05-04,8278,2015,1899.0,6.0,1.0,gain,56.943841625
2873212765,2016-05-05,8314,1971,1805.0,6.0,1.0,gain,56.89957825
2873212765,2016-05-06,7063,1910,2474.0,6.0,0.0,gain,56.99746175
2873212765,2016-05-07,4940,1897,2200.0,6.0,0.0,gain,56.997317125
2873212765,2016-05-08,8168,2096,1729.0,6.0,1.0,gain,56.885299375
2873212765,2016-05-09,7726,1906,2320.460850111857,6.0,0.0,gain,57.00280128551454
2873212765,2016-05-10,8275,1962,1921.0,6.0,1.0,gain,56.918286875
2873212765,2016-05-11,6440,1826,2351.0,6.0,0.0,gain,56.99283375
2873212765,2016-05-12,7566,1431,1585.0,6.0,0.0,gain,57.244133362060495
3372868164,2016-04-12,4747,1788,1985.0,6.0,0.0,gain,83.0920636543291
3372868164,2016-04-13,9715,2093,1587.0,6.0,1.0,gain,83.0078009043291
3372868164,2016-04-14,8844,2065,1827.0,6.0,1.0,gain,83.0615087793291
3372868164,2016-04-15,7451,1908,2480.0,6.0,0.0,gain,83.1371947793291
3372868164,2016-04-16,6905,1908,2451.0,6.0,0.0,gain,83.1701660293291
3372868164,2016-04-17,8199,1964,1730.0,6.0,1.0,gain,83.0207017793291
3372868164,2016-04-18,6798,2014,2154.0,6.0,0.0,gain,83.0986042793291
3372868164,2016-04-19,7711,1985,2320.460850111857,6.0,0.0,gain,83.12517443984365
3372868164,2016-04-20,4880,1867,2507.0,6.0,0.0,gain,83.1636042793291
3372868164,2016-04-21,8857,2124,1767.0,6.0,1.0,gain,83.0295190293291
3372868164,2016-04-22,3843,1669,2041.0,6.0,0.0,gain,83.1135981543291
3372868164,2016-04-23,7396,1995,2626.0,6.0,0.0,gain,83.1364391543291
3372868164,2016-04-24,6731,1921,2290.0,6.0,0.0,gain,83.1069925293291
3372868164,2016-04-25,5995,2010,2362.0,6.0,0.0,gain,83.1075174043291
3372868164,2016-04-26,8283,2057,1830.0,6.0,1.0,gain,83.0538225293291
3372868164,2016-04-27,7904,2095,2320.460850111857,6.0,0.0,gain,83.10159243984364
3372868164,2016-04-28,5512,1972,2164.0,6.0,0.0,gain,83.0875461543291
3372868164,2016-04-29,9135,2044,1603.0,6.0,1.0,gain,83.0279915293291
3372868164,2016-04-30,5250,1946,1972.0,6.0,0.0,gain,83.0914087793291
3372868164,2016-05-01,3077,1237,1929.0,6.0,0.0,gain,83.1829060293291
3977333714,2016-04-12,8856,1450,1086.0,4.0,1.0,lose,50.525641793763256
3977333714,2016-04-13,10035,1495,1103.0,4.0,1.0,lose,50.519073543763255
3977333714,2016-04-14,7641,1433,1575.0,4.0,0.0,lose,50.57819862709658
3977333714,2016-04-15,9010,1468,1124.0,7.0,1.0,lose,50.48742125209659
3977333714,2016-04-16,13459,1625,1484.0,4.0,1.0,lose,50.52313929376325
3977333714,2016-04-17,10415,1529,1446.0,6.0,1.0,lose,50.51178379376325
3977333714,2016-04-18,11663,1584,1146.0,6.0,1.0,lose,50.46383816876325
3977333714,2016-04-19,12414,1638,924.0,3.0,1.0,lose,50.46689560626325
3977333714,2016-04-20,11658,1554,1472.0,2.0,1.0,lose,50.56548787709659
3977333714,2016-04-21,6093,1397,1429.0,5.0,0.0,lose,50.550265689596586
3977333714,2016-04-22,8911,1481,1438.0,5.0,1.0,lose,50.55610079376325
3977333714,2016-04-23,12058,1638,1158.0,3.0,1.0,lose,50.51281323126325
3977333714,2016-04-24,14112,1655,1193.0,5.0,1.0,lose,50.47757402292992
3977333714,2016-04-25,11177,1570,1413.0,4.0,1.0,lose,50.55065487709658
3977333714,2016-04-26,11388,1551,1238.0,4.0,1.0,lose,50.51774104376325
3977333714,2016-04-27,7193,1377,1990.0,5.0,0.0,lose,50.62043183542992
3977333714,2016-04-28,7114,1407,1815.0,4.0,0.0,lose,50.62561504376325
3977333714,2016-04-29,10645,1545,918.0,5.0,1.0,lose,50.447330064596585
3977333714,2016-04-30,13238,1650,938.0,3.0,1.0,lose,50.47704535626325
3977333714,2016-05-01,10414,1501,1447.0,6.0,1.0,lose,50.54359316876325
3977333714,2016-05-02,16520,1760,1383.0,3.0,1.0,lose,50.515760981263256
3977333714,2016-05-03,14335,1710,1139.0,4.0,1.0,lose,50.49580354376325
3977333714,2016-05-04,13559,1628,1612.0,3.0,1.0,lose,50.565481106263256
3977333714,2016-05-05,12312,1618,1371.0,5.0,1.0,lose,50.534576314596585
3977333714,2016-05-06,11677,1590,1101.0,5.0,1.0,lose,50.50134371042992
3977333714,2016-05-07,11550,1574,1009.0,3.0,1.0,lose,50.49406966876325
3977333714,2016-05-08,13585,1633,1407.0,4.0,1.0,lose,50.51352579376325
3977333714,2016-05-09,14687,1667,1587.0,4.0,1.0,lose,50.54036971042992
3977333714,2016-05-10,13072,1630,976.0,5.0,1.0,lose,50.448447252096585
4020332650,2016-04-12,8539,3654,2994.0,8.0,1.0,gain,49.00669760004022
4020332650,2016-04-13,0,1981,2322.0,5.0,0.0,gain,49.15186941254022
4020332650,2016-04-14,108,2011,2098.0,5.0,0.0,gain,49.09693357920689
4020332650,2016-04-15,1882,2951,3359.0,5.0,0.0,gain,49.16025712087355
4020332650,2016-04-16,1982,3051,3465.0,1.0,0.0,gain,49.197437662540224
4020332650,2016-04-17,16,1990,2476.0,5.0,0.0,gain,49.16880868337356
4020332650,2016-04-18,62,1995,2519.0,5.0,0.0,gain,49.16191597504022
4020332650,2016-04-19,0,1980,2169.0,5.0,0.0,gain,49.14619816254022
4020332650,2016-04-20,0,1980,2503.0,5.0,0.0,gain,49.19173607920689
4020332650,2016-04-21,0,1980,2387.0,5.0,0.0,gain,49.14730451670689
4020332650,2016-04-22,0,1980,2166.0,5.0,0.0,gain,49.14764982920689
4020332650,2016-04-23,0,1980,2502.0,5.0,0.0,gain,49.16004451670689
4020332650,2016-04-24,0,1980,2289.0,5.0,0.0,gain,49.14941295420689
4020332650,2016-04-25,0,1980,2493.0,5.0,0.0,gain,49.154017120873554
4020332650,2016-04-26,0,1980,2277.0,5.0,0.0,gain,49.15024712087355
4020332650,2016-04-27,0,1980,2647.0,5.0,0.0,gain,49.20359587087356
4020332650,2016-04-28,0,1980,2569.0,5.0,0.0,gain,49.18493816254022
4020332650,2016-04-29,0,1980,2059.0,5.0,0.0,gain,49.09329222504022
4020332650,2016-04-30,0,1980,2390.0,5.0,0.0,gain,49.15740930837355
4020332650,2016-05-01,0,1980,2556.0,5.0,0.0,gain,49.17427003754022
4020332650,2016-05-02,475,2207,2399.0,5.0,0.0,gain,49.12580035004022
4020332650,2016-05-03,4496,2828,3212.0,5.0,0.0,gain,49.13814493337355
4020332650,2016-05-04,10252,3879,3759.0,7.0,1.0,gain,49.06614687087355
4020332650,2016-05-05,11728,3429,3104.0,3.0,1.0,gain,49.071739850040224
4020332650,2016-05-06,4369,2704,2872.0,6.0,0.0,gain,49.12268035004022
4020332650,2016-05-07,6132,2975,3010.0,5.0,0.0,gain,49.08955201670689
4020332650,2016-05-08,5862,3089,3499.0,6.0,0.0,gain,49.16159910004022
4020332650,2016-05-09,4556,2785,3470.0,5.0,0.0,gain,49.20547545420689
4020332650,2016-05-10,5546,2926,2944.0,7.0,0.0,gain,49.09659178754022
4020332650,2016-05-11,3689,2645,3136.0,5.0,0.0,gain,49.18426107920689
4020332650,2016-05-12,590,1120,1241.0,5.0,0.0,gain,49.12681462087355
4057192912,2016-04-12,5394,2286,2741.0,6.0,0.0,gain,98.71749988553724
4057192912,2016-04-13,5974,2306,2755.0,6.0,0.0,gain,98.72409576053724
4057192912,2016-04-14,0,1776,2184.0,6.0,0.0,gain,98.69702488553725
4057192912,2016-04-15,3984,1527,2223.0,6.0,0.0,gain,98.72294526053724
4319703577,2016-04-12,7753,2115,2320.460850111857,7.0,0.0,lose,72.33684472016624
4319703577,2016-04-13,8204,2135,1839.0,7.0,1.0,lose,72.25080253881836
4319703577,2016-04-14,10210,2302,1993.0,8.0,1.0,lose,72.26298028881835
4319703577,2016-04-15,5664,1985,2278.0,7.0,0.0,lose,72.3190251846517
4319703577,2016-04-16,4744,1884,2202.0,8.0,0.0,lose,72.28946128881836
4319703577,2016-04-17,29,1464,1549.0,7.0,0.0,lose,72.35394144254558
4319703577,2016-04-18,2276,1632,2278.0,8.0,0.0,lose,72.36068395548503
4319703577,2016-04-19,8925,2200,2061.0,7.0,1.0,lose,72.24568703881836
4319703577,2016-04-20,8954,2220,2161.0,8.0,1.0,lose,72.25334295548502
4319703577,2016-04-21,3702,1792,2349.0,0.0,0.0,lose,72.42241228881836
4319703577,2016-04-22,4500,1886,1980.0,8.0,0.0,lose,72.30317845548502
4319703577,2016-04-23,4935,1945,2543.0,11.0,0.0,lose,72.35552133048503
4319703577,2016-04-24,4081,1880,2372.0,7.0,0.0,lose,72.35085758048503
4319703577,2016-04-25,9259,2314,2138.0,8.0,1.0,lose,72.26483712215169
4319703577,2016-04-26,9899,2236,1638.0,8.0,1.0,lose,72.20205795548503
4319703577,2016-04-27,10780,2324,1728.0,4.0,1.0,lose,72.22622278881836
4319703577,2016-04-28,10817,2367,1895.0,8.0,1.0,lose,72.20167878881836
4319703577,2016-04-29,7990,2175,2320.460850111857,8.0,0.0,lose,72.29881836599957
4319703577,2016-04-30,8221,2092,2040.0,8.0,1.0,lose,72.25388462215169
4319703577,2016-05-01,1251,1593,2055.0,8.0,0.0,lose,72.36560445548503
4319703577,2016-05-02,9261,2270,2003.0,7.0,1.0,lose,72.2751347471517
4319703577,2016-05-03,9648,2235,1963.0,7.0,1.0,lose,72.2594014971517
4319703577,2016-05-04,10429,2282,1826.0,7.0,1.0,lose,72.17861744759114
4319703577,2016-05-05,13658,2530,1840.0,7.0,1.0,lose,72.19787439298503
4319703577,2016-05-06,9524,2266,2197.0,7.0,1.0,lose,72.29636266381836
4319703577,2016-05-07,7937,2158,2320.460850111857,8.0,0.0,lose,72.2971976993329
4319703577,2016-05-08,3672,1792,1928.0,10.0,0.0,lose,72.27785499715169
4319703577,2016-05-09,10378,2345,1893.0,8.0,1.0,lose,72.2016636221517
4319703577,2016-05-10,9487,2260,1770.0,8.0,1.0,lose,72.2294316221517
4319703577,2016-05-11,9129,2232,2103.0,8.0,1.0,lose,72.24008078881836
4388161847,2016-04-12,10122,2955,2825.0,6.0,1.0,lose,86.84450862321331
4388161847,2016-04-13,10993,3092,2920.0,6.0,1.0,lose,86.86388349821331
4388161847,2016-04-14,8863,2998,2409.0,6.0,1.0,lose,86.8193422482133
4388161847,2016-04-15,8758,3066,2982.0,8.0,1.0,lose,86.82230191487997
4388161847,2016-04-16,6580,3073,3218.0,7.0,0.0,lose,86.87715541487998
4388161847,2016-04-17,4660,2572,3324.0,10.0,0.0,lose,86.93879978987998
4388161847,2016-04-18,11009,3274,3162.0,1.0,1.0,lose,86.90854906071331
4388161847,2016-04-19,10181,3015,2587.0,5.0,1.0,lose,86.81726062321331
4388161847,2016-04-20,10553,3083,2474.0,7.0,1.0,lose,86.80736816487997
4388161847,2016-04-21,10055,3069,2709.0,7.0,1.0,lose,86.84234872737997
4388161847,2016-04-22,12139,3544,3242.0,1.0,1.0,lose,86.88378920654664
4388161847,2016-04-23,13236,3306,3302.0,7.0,1.0,lose,86.8567863107133
4388161847,2016-04-24,10243,2885,2546.0,9.0,1.0,lose,86.81967293571331
4388161847,2016-04-25,12961,3288,2745.0,6.0,1.0,lose,86.79929949821332
4388161847,2016-04-26,9461,2929,2745.0,5.0,1.0,lose,86.87600708154665
4388161847,2016-04-27,11193,3074,2687.0,7.0,1.0,lose,86.81611716487998
4388161847,2016-04-28,10074,2969,2822.0,7.0,1.0,lose,86.86349620654664
4388161847,2016-04-29,9232,2979,2346.0,6.0,1.0,lose,86.80113574821331
4388161847,2016-04-30,12533,3283,3081.0,6.0,1.0,lose,86.84180624821332
4388161847,2016-05-01,10255,2926,2416.0,9.0,1.0,lose,86.7887410607133
4388161847,2016-05-02,10096,3147,2463.0,6.0,1.0,lose,86.78370437321331
4388161847,2016-05-03,12727,3290,3198.0,6.0,1.0,lose,86.87146574821331
4388161847,2016-05-04,12375,3162,3157.0,6.0,1.0,lose,86.86321724821332
4388161847,2016-05-05,9603,2899,2614.0,7.0,1.0,lose,86.84774778987997
4388161847,2016-05-05,9603,2899,2596.0,7.0,1.0,lose,86.83477216487998
4388161847,2016-05-06,13175,3425,3395.0,6.0,1.0,lose,86.85400024821331
4388161847,2016-05-07,22770,4022,3989.0,7.0,1.0,lose,86.8474084357133
4388161847,2016-05-08,17298,3934,3257.0,8.0,1.0,lose,86.75626191487997
4388161847,2016-05-09,10218,3013,2848.0,1.0,1.0,lose,86.89879066487998
4388161847,2016-05-10,10299,3061,2546.0,5.0,1.0,lose,86.81681645654665
4388161847,2016-05-11,10201,2954,2693.0,7.0,1.0,lose,86.80793853987997
4388161847,2016-05-12,3369,1623,1976.0,6.0,0.0,lose,86.92550349821332
4445114986,2016-04-12,3276,2113,2615.0,7.0,0.0,gain,85.89610253818657
4445114986,2016-04-13,2961,2095,2225.0,6.0,0.0,gain,85.84166964235324
4445114986,2016-04-14,3974,2194,2257.0,7.0,0.0,gain,85.81266907985324
4445114986,2016-04-15,7198,2496,2931.0,5.0,0.0,gain,85.9133830590199
4445114986,2016-04-16,3945,2180,2379.0,7.0,0.0,gain,85.87179578818657
4445114986,2016-04-17,2268,1933,2503.0,1.0,0.0,gain,85.96201578818656
4445114986,2016-04-18,6155,2248,2428.0,6.0,0.0,gain,85.85435764235324
4445114986,2016-04-19,2064,1954,2184.0,6.0,0.0,gain,85.86268089235324
4445114986,2016-04-20,2072,1974,2126.0,7.0,0.0,gain,85.86252732985324
4445114986,2016-04-21,3809,2150,2382.0,7.0,0.0,gain,85.8518816840199
4445114986,2016-04-22,6831,2432,2992.0,6.0,0.0,gain,85.90127139235324
4445114986,2016-04-23,4363,2149,2240.0,6.0,0.0,gain,85.87016401735323
4445114986,2016-04-24,5002,2247,2317.0,6.0,0.0,gain,85.86398089235324
4445114986,2016-04-25,3385,2070,2317.0,5.0,0.0,gain,85.88222097568656
4445114986,2016-04-26,6326,2291,2474.0,5.0,0.0,gain,85.8573489965199
4445114986,2016-04-27,7243,2361,2686.0,5.0,0.0,gain,85.91135316318656
4445114986,2016-04-28,4493,2203,2669.0,6.0,0.0,gain,85.91098564235324
4445114986,2016-04-29,4676,2196,2773.0,1.0,0.0,gain,85.96721226735323
4445114986,2016-04-30,6222,2363,2715.0,5.0,0.0,gain,85.9032836840199
4445114986,2016-05-01,5232,2246,2454.0,7.0,0.0,gain,85.86564976735323
4445114986,2016-05-02,6910,2336,2929.0,8.0,0.0,gain,85.92178647568657
4445114986,2016-05-03,7502,2421,2841.0,6.0,0.0,gain,85.91680151735324
4445114986,2016-05-04,2923,2070,2103.0,5.0,0.0,gain,85.84629764235324
4445114986,2016-05-05,3800,2120,2145.0,7.0,0.0,gain,85.86042376735324
4445114986,2016-05-06,4514,2211,2708.0,6.0,0.0,gain,85.89360626735323
4445114986,2016-05-07,5183,2123,2347.0,6.0,0.0,gain,85.89220551735323
4445114986,2016-05-08,7303,2423,2966.0,6.0,0.0,gain,85.92815051735323
4445114986,2016-05-09,5275,2281,2973.0,7.0,0.0,gain,85.94023672568657
4445114986,2016-05-10,3915,2181,2615.0,6.0,0.0,gain,85.89027826735324
4445114986,2016-05-11,9105,2499,2240.0,8.0,1.0,gain,85.80579614235323
4445114986,2016-05-12,768,1212,1435.0,8.0,0.0,gain,85.83740564235323
4558609924,2016-04-12,5135,1909,2093.0,2.0,0.0,gain,69.64240872298177
4558609924,2016-04-13,4978,1722,1918.0,2.0,0.0,gain,69.65311259798177
4558609924,2016-04-14,6799,1922,2398.0,2.0,0.0,gain,69.67922688964843
4558609924,2016-04-15,7795,2121,2320.460850111857,2.0,0.0,gain,69.65346121682964
4558609924,2016-04-16,7289,1997,2323.0,2.0,0.0,gain,69.67050063964844
4558609924,2016-04-17,9634,2117,2101.0,2.0,1.0,gain,69.62331497298177
4558609924,2016-04-18,8940,2116,1594.0,2.0,1.0,gain,69.6074954482422
4558609924,2016-04-19,5401,1876,2530.0,2.0,0.0,gain,69.70320484798177
4558609924,2016-04-20,4803,1788,2345.0,2.0,0.0,gain,69.68514351464843
4558609924,2016-04-21,13743,2486,2012.0,2.0,1.0,gain,69.55135293131511
4558609924,2016-04-22,9601,2094,1634.0,2.0,1.0,gain,69.55761134798178
4558609924,2016-04-23,6890,2085,2109.0,2.0,0.0,gain,69.62036559798177
4558609924,2016-04-24,8563,2173,1824.0,2.0,1.0,gain,69.57154409798177
4558609924,2016-04-25,8095,2225,2097.0,2.0,1.0,gain,70.26792988509114
4558609924,2016-04-26,9148,2223,1886.0,1.0,1.0,gain,69.58343584798178
4558609924,2016-04-27,9557,2098,1650.0,2.0,1.0,gain,69.56241268131511
4558609924,2016-04-28,9451,2185,2000.0,2.0,1.0,gain,69.59499122298178
4558609924,2016-04-29,7833,1918,2320.460850111857,2.0,0.0,gain,69.67465771682964
4558609924,2016-04-30,10319,2105,1770.0,2.0,1.0,gain,69.58004013964843
4558609924,2016-05-01,3428,1692,1873.0,1.0,0.0,gain,69.91194744254557
4558609924,2016-05-02,7891,2066,2320.460850111857,2.0,0.0,gain,69.21341706709008
4558609924,2016-05-03,5267,1953,2310.0,2.0,0.0,gain,69.66133509798178
4558609924,2016-05-04,5232,1842,2058.0,2.0,0.0,gain,69.64585047298178
4558609924,2016-05-05,10611,2262,1954.0,2.0,1.0,gain,69.58737159798177
4558609924,2016-05-06,3755,1722,2181.0,2.0,0.0,gain,69.68022138964844
4558609924,2016-05-07,8237,1973,1471.0,2.0,1.0,gain,69.55096347298178
4558609924,2016-05-08,6543,2666,2672.0,2.0,0.0,gain,69.62010668131511
4558609924,2016-05-09,11451,2223,2080.0,2.0,1.0,gain,69.06664751578776
4558609924,2016-05-10,6435,1889,2178.0,2.0,0.0,gain,69.65074551464843
4558609924,2016-05-11,9108,2131,1833.0,2.0,1.0,gain,69.5777413063151
4558609924,2016-05-12,6307,1452,1714.0,2.0,0.0,gain,69.64968493131511
4702921684,2016-04-12,7213,2947,3681.0,7.0,0.0,lose,62.6768972881865
4702921684,2016-04-13,6877,2898,3408.0,6.0,0.0,lose,62.68477176735317
4702921684,2016-04-14,7860,2984,2320.460850111857,6.0,0.0,lose,62.50809505286771
4702921684,2016-04-15,6506,2896,3264.0,4.0,0.0,lose,62.67873380901984
4702921684,2016-04-16,11140,3328,3010.0,6.0,1.0,lose,62.549672517353166
4702921684,2016-04-17,12692,3394,2789.0,9.0,1.0,lose,62.54250139235317
4702921684,2016-04-18,9105,3013,2464.0,4.0,1.0,lose,62.56189955901984
4702921684,2016-04-19,6708,2812,3271.0,7.0,0.0,lose,62.68433437151984
4702921684,2016-04-20,8793,3061,2425.0,7.0,1.0,lose,62.4946397256865
4702921684,2016-04-21,6530,2729,2769.0,7.0,0.0,lose,62.63682587151983
4702921684,2016-04-22,1664,2241,2451.0,7.0,0.0,lose,62.6511264131865
4702921684,2016-04-23,15126,3691,3582.0,7.0,1.0,lose,62.6137172881865
4702921684,2016-04-24,15050,3538,3019.0,8.0,1.0,lose,62.54972180901984
4702921684,2016-04-25,9167,3064,2566.0,6.0,1.0,lose,62.54152151735317
4702921684,2016-04-26,6108,2784,3342.0,7.0,0.0,lose,62.66758576735317
4702921684,2016-04-27,7047,2908,3016.0,7.0,0.0,lose,62.6378664131865
4702921684,2016-04-28,9023,3033,2639.0,7.0,1.0,lose,62.55716864235317
4702921684,2016-04-29,9930,3165,2796.0,7.0,1.0,lose,62.5659942881865
4702921684,2016-04-30,10144,3115,2806.0,7.0,1.0,lose,62.57595364235317
4702921684,2016-05-01,0,2017,2312.0,7.0,0.0,lose,62.65602064235317
4702921684,2016-05-02,7245,2859,3447.0,7.0,0.0,lose,62.66626464235317
4702921684,2016-05-03,9454,3145,3030.0,5.0,1.0,lose,62.61131201735317
4702921684,2016-05-04,8161,3004,2615.0,6.0,1.0,lose,62.546492392353166
4702921684,2016-05-05,8614,3006,2586.0,6.0,1.0,lose,62.57075039235317
4702921684,2016-05-06,6943,2859,3591.0,6.0,0.0,lose,62.69360364235317
4702921684,2016-05-07,14370,3683,3506.0,8.0,1.0,lose,62.5855259756865
4702921684,2016-05-07,14370,3683,3498.0,8.0,1.0,lose,62.5923314756865
4702921684,2016-05-08,12857,3287,2940.0,7.0,1.0,lose,62.53981580901984
4702921684,2016-05-09,8232,2990,2966.0,7.0,1.0,lose,62.59756587151983
4702921684,2016-05-10,10613,3172,2640.0,6.0,1.0,lose,62.54420114235317
4702921684,2016-05-11,9810,3069,2605.0,5.0,1.0,lose,62.58145805901984
4702921684,2016-05-12,2752,1240,1420.0,6.0,0.0,lose,62.61684351735317
5553957443,2016-04-12,11596,2026,1745.0,7.0,1.0,lose,89.04978541431257
5553957443,2016-04-13,4832,1718,2079.0,7.0,0.0,lose,89.13363216431256
5553957443,2016-04-14,17022,2324,2305.0,5.0,1.0,lose,89.08433345597923
5553957443,2016-04-15,16556,2254,2070.0,6.0,1.0,lose,89.07428797681257
5553957443,2016-04-16,5771,1831,2293.0,10.0,0.0,lose,89.1265360601459
5553957443,2016-04-17,655,1397,1500.0,5.0,0.0,lose,89.1142591851459
5553957443,2016-04-18,3727,1683,1952.0,8.0,0.0,lose,89.11394176847924
5553957443,2016-04-19,15482,2284,1720.0,5.0,1.0,lose,89.02649022681257
5553957443,2016-04-20,2713,1570,1682.0,10.0,0.0,lose,89.0603173101459
5553957443,2016-04-21,12346,2066,1523.0,6.0,1.0,lose,88.99792110181257
5553957443,2016-04-22,11682,2105,1999.0,5.0,1.0,lose,89.0696854351459
5553957443,2016-04-23,4112,1776,1777.0,10.0,0.0,lose,89.04275647681257
5553957443,2016-04-24,1807,1507,1765.0,9.0,0.0,lose,89.10768660181256
5553957443,2016-04-25,10946,2033,1684.0,7.0,1.0,lose,89.04423278931256
5553957443,2016-04-26,11886,2093,1787.0,6.0,1.0,lose,89.04312372681257
5553957443,2016-04-27,10538,1922,1818.0,5.0,1.0,lose,89.07959116431256
5553957443,2016-04-28,11393,1999,1978.0,7.0,1.0,lose,89.04142966431256
5553957443,2016-04-29,12764,2169,1589.0,7.0,1.0,lose,89.01639437264589
5553957443,2016-04-30,1202,1463,1872.0,12.0,0.0,lose,89.08256410181257
5553957443,2016-05-01,5164,1747,2389.0,10.0,0.0,lose,89.1116754351459
5553957443,2016-05-02,9769,1996,1581.0,6.0,1.0,lose,89.02240660181256
5553957443,2016-05-03,12848,2116,1469.0,6.0,1.0,lose,89.00415297681256
5553957443,2016-05-04,4249,1698,1732.0,7.0,0.0,lose,89.0476772476459
5553957443,2016-05-05,14331,2156,1993.0,6.0,1.0,lose,89.03850872681257
5553957443,2016-05-06,9632,1916,1651.0,6.0,1.0,lose,89.02787310181256
5553957443,2016-05-07,1868,1494,1703.0,7.0,0.0,lose,89.07368239347923
5553957443,2016-05-08,6083,1762,2280.0,9.0,0.0,lose,89.10444147681257
5553957443,2016-05-09,11611,2272,2195.0,7.0,1.0,lose,89.06405833097924
5553957443,2016-05-10,16358,2335,2150.0,6.0,1.0,lose,89.03716810181257
5553957443,2016-05-11,4926,1693,1906.0,7.0,0.0,lose,89.11887201847924
5577150313,2016-04-12,8135,3405,2750.0,6.0,1.0,lose,100.79901491813088
5577150313,2016-04-13,5077,2551,2583.0,7.0,0.0,lose,100.86561256396422
5577150313,2016-04-14,8596,4022,3995.0,7.0,1.0,lose,100.90612516813088
5577150313,2016-04-15,12087,4005,3849.0,6.0,1.0,lose,100.86054229313088
5577150313,2016-04-16,14269,4274,3690.0,6.0,1.0,lose,100.79481916813089
5577150313,2016-04-18,9893,3625,3522.0,8.0,1.0,lose,100.84780012646422
5577150313,2016-04-19,12574,3501,3480.0,7.0,1.0,lose,100.87312900146422
5577150313,2016-04-20,8330,3192,2741.0,7.0,1.0,lose,100.84726658479757
5577150313,2016-04-21,10830,4018,3639.0,6.0,1.0,lose,100.83116554313088
5577150313,2016-04-22,9172,3329,2896.0,5.0,1.0,lose,100.85148508479756
5577150313,2016-04-26,5325,3088,3281.0,5.0,0.0,lose,100.91525414729756
5577150313,2016-04-28,9841,3580,3063.0,6.0,1.0,lose,100.81651291813088
5577150313,2016-05-02,7439,3014,3573.0,8.0,0.0,lose,100.96800462646422
5577150313,2016-05-03,11045,3795,3614.0,8.0,1.0,lose,100.82727312646422
5577150313,2016-05-04,5206,2755,3003.0,10.0,0.0,lose,100.87422154313089
5577150313,2016-05-05,7550,3004,3643.0,1.0,0.0,lose,101.02847954313089
5577150313,2016-05-06,4950,2643,3052.0,7.0,0.0,lose,100.93628056396422
5577150313,2016-05-07,0,1819,2382.0,7.0,0.0,lose,100.94456914729756
5577150313,2016-05-08,0,1819,2309.0,7.0,0.0,lose,100.96353750146422
5577150313,2016-05-09,3421,2489,2813.0,7.0,0.0,lose,100.92680979313089
5577150313,2016-05-10,8869,3841,3813.0,8.0,1.0,lose,100.87408829313088
5577150313,2016-05-11,4038,1665,2077.0,7.0,0.0,lose,100.95790958479756
6117666160,2016-04-12,0,1496,1570.0,7.0,0.0,gain,100.84886555309456
6117666160,2016-04-13,0,1496,1953.0,7.0,0.0,gain,100.9185409489279
6117666160,2016-04-14,0,1496,1520.0,7.0,0.0,gain,100.86347565726123
6117666160,2016-04-15,14019,2865,2718.0,7.0,1.0,gain,100.8144954489279
6117666160,2016-04-16,14450,2828,2715.0,6.0,1.0,gain,100.83016803226124
6117666160,2016-04-17,7150,2225,2363.0,5.0,0.0,gain,100.86154109476124
6117666160,2016-04-18,5153,2018,2068.0,8.0,0.0,gain,100.8248011989279
6117666160,2016-04-19,11135,2606,1950.0,7.0,1.0,gain,100.7450380739279
6117666160,2016-04-20,10449,2536,2043.0,7.0,1.0,gain,100.78891740726124
6117666160,2016-04-22,8206,2409,1893.0,8.0,1.0,gain,100.77973019892792
6117666160,2016-04-23,11495,2651,1985.0,8.0,1.0,gain,100.76026703226124
6117666160,2016-04-24,7623,2305,2473.0,5.0,0.0,gain,100.86891724059456
6117666160,2016-04-25,0,1497,1515.0,7.0,0.0,gain,100.84877265726124
6117666160,2016-04-26,9543,2450,2024.0,7.0,1.0,gain,100.76146628226124
6117666160,2016-04-27,9411,2576,1948.0,9.0,1.0,gain,100.74559328226124
6117666160,2016-04-28,3403,1879,1937.0,6.0,0.0,gain,100.88342090726124
6117666160,2016-04-29,9592,2560,1956.0,10.0,1.0,gain,100.72454140726124
6117666160,2016-04-30,6987,2275,2774.0,7.0,0.0,gain,100.93486217809458
6117666160,2016-05-01,8915,2361,1872.0,8.0,1.0,gain,100.73863503226124
6117666160,2016-05-02,4933,2044,2317.0,7.0,0.0,gain,100.90590115726124
6117666160,2016-05-03,0,1496,1757.0,7.0,0.0,gain,100.88642174059456
6117666160,2016-05-04,2997,1902,2056.0,7.0,0.0,gain,100.86119930309457
6117666160,2016-05-05,9799,2636,2153.0,6.0,1.0,gain,100.80880903226124
6117666160,2016-05-06,3365,1838,2354.0,10.0,0.0,gain,100.9178405739279
6117666160,2016-05-07,7336,2469,2865.0,8.0,0.0,gain,100.85633703226124
6117666160,2016-05-08,7328,2250,2450.0,9.0,0.0,gain,100.87192159476125
6117666160,2016-05-09,4477,1248,1613.0,8.0,0.0,gain,100.86262036559457
6290855005,2016-04-12,4562,2560,2762.0,6.0,0.0,gain,84.94733493427303
6290855005,2016-04-13,7142,2905,3210.0,6.0,0.0,gain,84.98597418427303
6290855005,2016-04-14,7671,2952,2320.460850111857,6.0,0.0,gain,84.85403046978757
6290855005,2016-04-15,9501,2896,2368.0,6.0,1.0,gain,84.85798755927303
6290855005,2016-04-16,8301,2783,2507.0,6.0,1.0,gain,84.88828893427304
6290855005,2016-04-18,6885,2766,3312.0,6.0,0.0,gain,84.98647468427303
6290855005,2016-04-19,7142,2839,2961.0,6.0,0.0,gain,84.95049880927303
6290855005,2016-04-20,6361,2701,2767.0,6.0,0.0,gain,84.95437930927304
6290855005,2016-04-21,0,2060,2126.0,6.0,0.0,gain,84.92998643427303
6290855005,2016-04-22,6238,2796,3253.0,6.0,0.0,gain,84.99418693427303
6290855005,2016-04-23,0,2664,2825.0,6.0,0.0,gain,84.94587243427303
6290855005,2016-04-24,5896,2703,3138.0,6.0,0.0,gain,84.97715530927303
6290855005,2016-04-25,7802,2771,2320.460850111857,6.0,0.0,gain,84.87396921978757
6290855005,2016-04-26,0,2060,2273.0,6.0,0.0,gain,84.94321230927304
6290855005,2016-04-27,5565,2743,2999.0,6.0,0.0,gain,84.95374718427303
6290855005,2016-04-28,5731,2687,2778.0,6.0,0.0,gain,84.96108243427304
6290855005,2016-04-29,0,2060,2431.0,6.0,0.0,gain,84.96482968427303
6290855005,2016-04-30,6744,2843,3023.0,6.0,0.0,gain,84.94555230927303
6290855005,2016-05-01,9837,3327,2597.0,6.0,1.0,gain,84.82805343427303
6290855005,2016-05-02,6781,2725,2907.0,6.0,0.0,gain,84.94724880927303
6290855005,2016-05-03,6047,2671,2798.0,6.0,0.0,gain,84.95391130927304
6290855005,2016-05-04,5832,2718,3129.0,6.0,0.0,gain,84.99887018427303
6290855005,2016-05-05,6339,2682,3128.0,6.0,0.0,gain,85.00855843427303
6290855005,2016-05-06,6116,2806,3357.0,6.0,0.0,gain,85.02530243427303
6290855005,2016-05-07,5510,2613,2998.0,6.0,0.0,gain,84.97184318427303
6290855005,2016-05-08,7706,2712,2320.460850111857,6.0,0.0,gain,84.90611496978757
6290855005,2016-05-09,6277,2175,2378.0,6.0,0.0,gain,84.96572505927303
6775888955,2016-04-12,0,1841,2098.0,5.0,0.0,gain,103.37299029351372
6775888955,2016-04-13,4053,2400,2814.0,3.0,0.0,gain,103.41978216851372
6775888955,2016-04-14,5162,2507,2580.0,7.0,0.0,gain,103.33475593934703
6775888955,2016-04-15,1282,2127,2582.0,6.0,0.0,gain,103.36212716851372
6775888955,2016-04-16,4732,2225,2520.0,5.0,0.0,gain,103.38168268934706
6775888955,2016-04-17,2497,2067,2189.0,5.0,0.0,gain,103.34745206434704
6775888955,2016-04-18,8294,2798,2142.0,5.0,1.0,gain,103.25701675184706
6775888955,2016-04-19,0,1841,1871.0,5.0,0.0,gain,103.3313022726804
6775888955,2016-04-20,10771,3727,3081.0,5.0,1.0,gain,103.25182487684704
6775888955,2016-04-21,0,1841,2573.0,5.0,0.0,gain,103.40918716851372
6775888955,2016-04-22,637,1922,1988.0,5.0,0.0,gain,103.35964768934706
6775888955,2016-04-23,0,1841,2115.0,5.0,0.0,gain,103.3644035226804
6775888955,2016-04-24,2153,2053,2195.0,5.0,0.0,gain,103.36646591851373
6775888955,2016-04-25,6474,2484,3187.0,5.0,0.0,gain,103.44411518934706
6775888955,2016-04-26,7091,2584,3141.0,5.0,0.0,gain,103.38643716851372
6775888955,2016-04-27,0,1841,2288.0,5.0,0.0,gain,103.40222539768038
6775888955,2016-04-28,703,1993,2385.0,5.0,0.0,gain,103.4026032101804
6775888955,2016-04-29,0,1841,1937.0,5.0,0.0,gain,103.3612916476804
6775888955,2016-04-30,2503,2280,2914.0,5.0,0.0,gain,103.43028779351371
6775888955,2016-05-01,2487,2319,2512.0,5.0,0.0,gain,103.36856081434703
6775888955,2016-05-02,0,1841,1858.0,5.0,0.0,gain,103.34669373101372
6775888955,2016-05-03,9,1843,2548.0,5.0,0.0,gain,103.42805341851373
6775888955,2016-05-04,0,1841,2115.0,5.0,0.0,gain,103.38956529351373
6775888955,2016-05-05,0,1841,2072.0,5.0,0.0,gain,103.37902581434706
6775888955,2016-05-06,4697,2496,2752.0,5.0,0.0,gain,103.37935216851372
6775888955,2016-05-07,1967,1032,1525.0,5.0,0.0,gain,103.3867960226804
6962181067,2016-04-12,10199,1994,1362.0,6.0,1.0,lose,62.37402675
6962181067,2016-04-13,5652,1718,1867.0,10.0,0.0,lose,61.99818680745443
6962181067,2016-04-14,1551,1466,1723.0,8.0,0.0,lose,61.63580242960617
6962181067,2016-04-15,5563,1756,2018.0,6.0,0.0,lose,61.465301375
6962181067,2016-04-16,13217,2173,1969.0,5.0,1.0,lose,61.91986447916667
6962181067,2016-04-17,10145,2027,2026.0,7.0,1.0,lose,61.35455731754556
6962181067,2016-04-18,11404,2039,1660.0,7.0,1.0,lose,61.09149355460617
6962181067,2016-04-19,10742,2046,1646.0,7.0,1.0,lose,61.2854447133789
6962181067,2016-04-20,13928,2174,1987.0,6.0,1.0,lose,61.63776163793951
6962181067,2016-04-21,11835,2179,1795.0,7.0,1.0,lose,61.29745129671223
6962181067,2016-04-22,10725,2086,1898.0,7.0,1.0,lose,61.32322135921223
6962181067,2016-04-23,20031,2571,2138.0,8.0,1.0,lose,61.392843166666665
6962181067,2016-04-24,5029,1705,1791.0,8.0,0.0,lose,61.40970416666666
6962181067,2016-04-25,13239,2194,1882.0,6.0,1.0,lose,61.5897981379395
6962181067,2016-04-26,10433,2012,1937.0,7.0,1.0,lose,61.45911410627696
6962181067,2016-04-27,10320,2034,1814.0,7.0,1.0,lose,61.12863265877284
6962181067,2016-04-28,12627,2182,2053.0,7.0,1.0,lose,61.10252892960617
6962181067,2016-04-29,10762,2254,2119.0,7.0,1.0,lose,61.332109567545565
6962181067,2016-04-30,10081,2002,1932.0,7.0,1.0,lose,60.90249539583333
6962181067,2016-05-01,5454,1740,2200.0,6.0,0.0,lose,61.7113741379395
6962181067,2016-05-02,12912,2162,1882.0,7.0,1.0,lose,61.370651083333335
6962181067,2016-05-03,12109,2072,1920.0,6.0,1.0,lose,60.942531875
6962181067,2016-05-04,10147,2086,1583.0,7.0,1.0,lose,60.97353420328777
6962181067,2016-05-05,10524,2066,1879.0,7.0,1.0,lose,61.20159438289383
6962181067,2016-05-06,5908,1850,1999.0,7.0,0.0,lose,61.46902804166667
6962181067,2016-05-07,6815,1947,2267.0,4.0,0.0,lose,61.21250242960617
6962181067,2016-05-08,4188,1659,2018.0,9.0,0.0,lose,61.135659700439504
6962181067,2016-05-09,12342,2105,1990.0,8.0,1.0,lose,62.31749919254557
6962181067,2016-05-10,15448,2361,2313.0,7.0,1.0,lose,61.9999715991211
6962181067,2016-05-11,6722,1855,2328.0,7.0,0.0,lose,61.884463817545566
7007744171,2016-04-12,14172,2937,2896.0,1.0,1.0,lose,58.37378153039225
7007744171,2016-04-13,12862,2742,2278.0,1.0,1.0,lose,58.32171978039225
7007744171,2016-04-14,11179,2668,2368.0,1.0,1.0,lose,58.33711421789225
7007744171,2016-04-15,5273,2098,2151.0,1.0,0.0,lose,58.38432561372558
7007744171,2016-04-16,4631,2076,2572.0,1.0,0.0,lose,58.44247732205891
7007744171,2016-04-17,8059,2383,1640.0,1.0,1.0,lose,58.27842842622558
7007744171,2016-04-18,14816,2832,2748.0,1.0,1.0,lose,58.36740421789225
7007744171,2016-04-19,14194,2812,2353.0,1.0,1.0,lose,58.321665342892246
7007744171,2016-04-20,15566,3096,2896.0,1.0,1.0,lose,58.34973207205891
7007744171,2016-04-21,13744,2763,2289.0,1.0,1.0,lose,58.31694823872558
7007744171,2016-04-22,15299,2889,2726.0,1.0,1.0,lose,58.35337261372558
7007744171,2016-04-23,8093,2284,1785.0,1.0,1.0,lose,58.31053978039225
7007744171,2016-04-24,11085,2667,2666.0,1.0,1.0,lose,58.37501734289225
7007744171,2016-04-25,18229,3055,2755.0,1.0,1.0,lose,58.33530938455892
7007744171,2016-04-26,15090,2939,2856.0,1.0,1.0,lose,58.36526436372558
7007744171,2016-04-27,13541,2830,2776.0,1.0,1.0,lose,58.36749196789225
7007744171,2016-04-28,15128,2836,2397.0,1.0,1.0,lose,58.32395225955892
7007744171,2016-04-29,20067,3180,2996.0,1.0,1.0,lose,58.35388394705892
7007744171,2016-04-30,3761,2051,2701.0,1.0,0.0,lose,58.46680221789225
7007744171,2016-05-01,5600,2225,2657.0,0.0,0.0,lose,58.44422203039225
7007744171,2016-05-02,13041,2642,2264.0,1.0,1.0,lose,58.32525686372559
7007744171,2016-05-03,14510,2976,2499.0,1.0,1.0,lose,58.31469815539225
7007744171,2016-05-04,0,1557,1887.0,1.0,0.0,lose,58.42476942622558
7007744171,2016-05-05,15010,2933,2920.0,1.0,1.0,lose,58.37413415539225
7007744171,2016-05-06,11459,2553,2094.0,1.0,1.0,lose,58.32004007205892
7086361926,2016-04-12,11317,2772,2597.0,8.0,1.0,lose,89.68561396230137
7086361926,2016-04-13,5813,2516,3148.0,7.0,0.0,lose,89.81946575396805
7086361926,2016-04-14,9123,2734,2169.0,7.0,1.0,lose,89.65273669146804
7086361926,2016-04-15,8585,2395,2187.0,6.0,1.0,lose,89.72469521230137
7086361926,2016-04-16,31,1635,1636.0,7.0,0.0,lose,89.72734802480137
7086361926,2016-04-17,0,1629,2061.0,7.0,0.0,lose,89.76059200396804
7086361926,2016-04-18,9827,2743,2708.0,7.0,1.0,lose,89.74368144146804
7086361926,2016-04-19,10688,2944,2809.0,7.0,1.0,lose,89.6782123581347
7086361926,2016-04-20,14365,2997,2758.0,8.0,1.0,lose,89.69795746230137
7086361926,2016-04-21,9469,2463,2134.0,6.0,1.0,lose,89.69437921230137
7086361926,2016-04-22,9753,2846,2763.0,7.0,1.0,lose,89.6931907956347
7086361926,2016-04-23,2817,1965,2114.0,7.0,0.0,lose,89.76705354563471
7086361926,2016-04-24,3520,2049,2265.0,11.0,0.0,lose,89.71445446230138
7086361926,2016-04-25,10091,2752,2424.0,7.0,1.0,lose,89.6731366706347
7086361926,2016-04-26,10387,2781,2448.0,8.0,1.0,lose,89.66290079563471
7086361926,2016-04-27,11107,2693,2156.0,7.0,1.0,lose,89.67832475396804
7086361926,2016-04-28,11584,2862,2131.0,5.0,1.0,lose,89.63297533730137
7086361926,2016-04-29,7881,2616,2320.460850111857,7.0,0.0,lose,89.65527960198258
7086361926,2016-04-30,14560,2995,2808.0,8.0,1.0,lose,89.66125412896804
7086361926,2016-05-01,12390,2730,2406.0,6.0,1.0,lose,89.69229433730138
7086361926,2016-05-02,10052,2754,2730.0,7.0,1.0,lose,89.74495029563471
7086361926,2016-05-03,10288,2754,2080.0,7.0,1.0,lose,89.65342433730137
7086361926,2016-05-04,10988,2655,2200.0,7.0,1.0,lose,89.65553087896804
7086361926,2016-05-05,8564,2386,1786.0,7.0,1.0,lose,89.62169431646804
7086361926,2016-05-06,12461,2924,2422.0,5.0,1.0,lose,89.68429283730137
7086361926,2016-05-07,12827,2739,2467.0,8.0,1.0,lose,89.67628212896804
7086361926,2016-05-08,10677,2534,2194.0,8.0,1.0,lose,89.65620796230138
7086361926,2016-05-09,13566,2960,2671.0,7.0,1.0,lose,89.70969456646804
7086361926,2016-05-10,14433,2800,2572.0,7.0,1.0,lose,89.66103014980138
7086361926,2016-05-11,9572,2735,2484.0,7.0,1.0,lose,89.68108400396804
7086361926,2016-05-12,3789,1199,1637.0,7.0,0.0,lose,89.75244452480138
8053475328,2016-04-12,18060,3186,2861.0,4.0,1.0,lose,102.25140155204495
8053475328,2016-04-13,16433,3140,2824.0,4.0,1.0,lose,102.26936755204495
8053475328,2016-04-14,20159,3411,2763.0,4.0,1.0,lose,102.22405280204497
8053475328,2016-04-15,20669,3410,2878.0,4.0,1.0,lose,102.24771496871162
8053475328,2016-04-16,14549,2867,2825.0,4.0,1.0,lose,102.29049363537828
8053475328,2016-04-17,18827,3213,3005.0,4.0,1.0,lose,102.27449388537828
8053475328,2016-04-18,17076,3133,2832.0,4.0,1.0,lose,102.27536921871162
8053475328,2016-04-19,15929,3114,2581.0,4.0,1.0,lose,102.24959238537828
8053475328,2016-04-20,15108,3043,2768.0,8.0,1.0,lose,102.25392355204497
8053475328,2016-04-21,16057,3103,2947.0,4.0,1.0,lose,102.2779204687116
8053475328,2016-04-22,10520,2655,2435.0,4.0,1.0,lose,102.28232638537828
8053475328,2016-04-23,22359,3554,3531.0,5.0,1.0,lose,102.30826788537829
8053475328,2016-04-24,22988,3577,3287.0,4.0,1.0,lose,102.28061146871164
8053475328,2016-04-25,20500,3403,3309.0,4.0,1.0,lose,102.30566788537828
8053475328,2016-04-26,12685,2846,2824.0,4.0,1.0,lose,102.29029430204496
8053475328,2016-04-27,12422,2852,2503.0,4.0,1.0,lose,102.27273888537827
8053475328,2016-04-28,15447,3062,2792.0,4.0,1.0,lose,102.27017246871162
8053475328,2016-04-29,12315,2794,2466.0,4.0,1.0,lose,102.25521055204496
8053475328,2016-04-30,7135,2408,2531.0,4.0,0.0,lose,102.32582980204496
8053475328,2016-05-01,1170,1886,1888.0,4.0,0.0,lose,102.3144277187116
8053475328,2016-05-02,1969,1988,2145.0,4.0,0.0,lose,102.31912613537828
8053475328,2016-05-03,15484,3023,2866.0,4.0,1.0,lose,102.27127096871162
8053475328,2016-05-04,14581,2918,2740.0,4.0,1.0,lose,102.29134080204496
8053475328,2016-05-05,14990,2950,2784.0,4.0,1.0,lose,102.29993596871162
8053475328,2016-05-06,13953,2859,2307.0,4.0,1.0,lose,102.24399155204496
8053475328,2016-05-07,19769,3331,2846.0,1.0,1.0,lose,102.26844319787828
8053475328,2016-05-08,22026,3589,3034.0,4.0,1.0,lose,102.23791080204496
8053475328,2016-05-09,12465,2765,2342.0,4.0,1.0,lose,102.24192130204496
8053475328,2016-05-10,14810,2926,2405.0,4.0,1.0,lose,102.25315980204496
8053475328,2016-05-11,12209,2809,2370.0,4.0,1.0,lose,102.24032013537828
8053475328,2016-05-12,4998,1505,1516.0,4.0,0.0,lose,102.30764171871162
8253242879,2016-04-12,9033,2044,1984.0,6.0,1.0,gain,99.29034036559813
8253242879,2016-04-13,8053,1935,1321.0,6.0,1.0,gain,99.19456286559812
8253242879,2016-04-14,5234,1705,1953.0,6.0,0.0,gain,99.29289324059812
8253242879,2016-04-15,2672,1632,2146.0,6.0,0.0,gain,99.34902074059812
8253242879,2016-04-16,9256,1880,1566.0,6.0,1.0,gain,99.25022074059812
8253242879,2016-04-17,10204,2112,1790.0,6.0,1.0,gain,99.25500961559813
8253242879,2016-04-18,5151,1829,2034.0,6.0,0.0,gain,99.29412661559812
8253242879,2016-04-19,4212,1763,2126.0,6.0,0.0,gain,99.34809286559812
8253242879,2016-04-20,6466,1931,2601.0,6.0,0.0,gain,99.34186911559812
8253242879,2016-04-21,11268,2218,1957.0,6.0,1.0,gain,99.24512149059812
8253242879,2016-04-22,2824,1651,1873.0,6.0,0.0,gain,99.33233199059812
8253242879,2016-04-23,9282,2132,2085.0,6.0,1.0,gain,99.28410199059812
8253242879,2016-04-24,8905,1976,1946.0,6.0,1.0,gain,99.29346686559812
8253242879,2016-04-25,6829,1909,2095.0,6.0,0.0,gain,99.31417099059811
8253242879,2016-04-26,4562,1813,1822.0,6.0,0.0,gain,99.26204424059812
8253242879,2016-04-27,10232,2008,1507.0,6.0,1.0,gain,99.20458424059812
8253242879,2016-04-28,2718,1580,1589.0,6.0,0.0,gain,99.27654736559812
8253242879,2016-04-29,6260,1854,2423.0,6.0,0.0,gain,99.37180649059812
8378563200,2016-04-13,12386,4079,4018.0,7.0,1.0,lose,97.73261719717226
8378563200,2016-04-14,13318,4163,3815.0,7.0,1.0,lose,97.67374588467226
8378563200,2016-04-15,14461,3666,3422.0,8.0,1.0,lose,97.70122111383893
8378563200,2016-04-16,11207,3363,3003.0,10.0,1.0,lose,97.6763526555056
8378563200,2016-04-17,2132,2572,3040.0,8.0,0.0,lose,97.78707744717224
8378563200,2016-04-18,13630,4157,4026.0,6.0,1.0,lose,97.72824107217224
8378563200,2016-04-19,13070,4092,4079.0,6.0,1.0,lose,97.73902294717226
8378563200,2016-04-20,9388,3787,3715.0,6.0,1.0,lose,97.76099457217224
8378563200,2016-04-21,15148,4236,3814.0,6.0,1.0,lose,97.70132294717226
8378563200,2016-04-22,12200,4044,3517.0,7.0,1.0,lose,97.66449557217226
8378563200,2016-04-23,5709,2908,3501.0,9.0,0.0,lose,97.78454244717226
8378563200,2016-04-24,3703,2741,3231.0,7.0,0.0,lose,97.80321586383891
8378563200,2016-04-25,12405,4005,3578.0,6.0,1.0,lose,97.68462282217226
8378563200,2016-04-25,12405,4005,3581.0,6.0,1.0,lose,97.68296857217226
8378563200,2016-04-26,16208,3763,3599.0,9.0,1.0,lose,97.73055344717226
8378563200,2016-04-27,7359,3061,3527.0,8.0,0.0,lose,97.76626444717226
8378563200,2016-04-28,5417,2884,2941.0,8.0,0.0,lose,97.7463917805056
8378563200,2016-04-29,6175,2982,3264.0,8.0,0.0,lose,97.80068844717226
8378563200,2016-04-30,2946,2660,2918.0,7.0,0.0,lose,97.79265119717226
8378563200,2016-05-01,11419,3369,2812.0,7.0,1.0,lose,97.6673314680056
8378563200,2016-05-03,8712,3784,3276.0,6.0,1.0,lose,97.70052994717226
8378563200,2016-05-05,8567,3783,3265.0,6.0,1.0,lose,97.68425719717226
8378563200,2016-05-07,4468,2799,3218.0,7.0,0.0,lose,97.82308880133893
8378563200,2016-05-08,2943,2685,2843.0,9.0,0.0,lose,97.72355863467226
8378563200,2016-05-09,8382,3721,3300.0,5.0,1.0,lose,97.7024704680056
8378563200,2016-05-11,9143,3788,3183.0,6.0,1.0,lose,97.65941094717226
8378563200,2016-05-12,4561,1976,2189.0,8.0,0.0,lose,97.76692961383893
8583815059,2016-04-12,5014,2650,2761.0,6.0,0.0,gain,95.38642606866752
8583815059,2016-04-13,5571,2654,2763.0,6.0,0.0,gain,95.40232669366752
8583815059,2016-04-14,3135,2443,2802.0,6.0,0.0,gain,95.42952269366754
8583815059,2016-04-15,3430,2505,2586.0,6.0,0.0,gain,95.39434956866754
8583815059,2016-04-16,5319,2693,3090.0,6.0,0.0,gain,95.44534694366752
8583815059,2016-04-17,3008,2439,2918.0,6.0,0.0,gain,95.46023356866752
8583815059,2016-04-18,3864,2536,2976.0,6.0,0.0,gain,95.45764981866752
8583815059,2016-04-19,5697,2668,3009.0,6.0,0.0,gain,95.44911694366752
8583815059,2016-04-20,5273,2647,3112.0,6.0,0.0,gain,95.43791581866752
8583815059,2016-04-21,8538,2883,2490.0,6.0,1.0,gain,95.34960844366752
8583815059,2016-04-22,8687,2944,2856.0,6.0,1.0,gain,95.35978256866754
8583815059,2016-04-23,9423,3012,2905.0,6.0,1.0,gain,95.35048919366754
8583815059,2016-04-24,8286,2889,2763.0,6.0,1.0,gain,95.37293694366754
8583815059,2016-04-25,4503,2547,2761.0,6.0,0.0,gain,95.41586619366754
8583815059,2016-04-26,10499,3093,2660.0,6.0,1.0,gain,95.33206006866752
8583815059,2016-04-27,12474,3142,2651.0,6.0,1.0,gain,95.34452056866752
8583815059,2016-04-28,6174,2757,2905.0,6.0,0.0,gain,95.42278381866754
8583815059,2016-04-29,15168,3513,3192.0,6.0,1.0,gain,95.36711781866754
8583815059,2016-04-30,10085,3164,2995.0,6.0,1.0,gain,95.37580019366754
8583815059,2016-05-01,4512,2596,2648.0,6.0,0.0,gain,95.38629769366754
8583815059,2016-05-02,8469,2894,2670.0,6.0,1.0,gain,95.38110906866754
8583815059,2016-05-03,12015,3212,2597.0,6.0,1.0,gain,95.29696331866754
8583815059,2016-05-04,3588,2516,2574.0,6.0,0.0,gain,95.40221619366754
8583815059,2016-05-05,12427,3266,2942.0,6.0,1.0,gain,95.35493194366754
8583815059,2016-05-06,5843,2683,3156.0,6.0,0.0,gain,95.43561319366754
8583815059,2016-05-07,6117,2810,3073.0,6.0,0.0,gain,95.44461244366754
8583815059,2016-05-08,9217,2940,2798.0,6.0,1.0,gain,95.36635406866752
8583815059,2016-05-09,9877,2947,2728.0,6.0,1.0,gain,95.36800181866754
8583815059,2016-05-10,8240,2846,2542.0,6.0,1.0,gain,95.34786319366754
8583815059,2016-05-11,8701,2804,2635.0,6.0,1.0,gain,95.38312081866754
8792009665,2016-04-12,2564,2044,2383.0,7.0,0.0,gain,54.98785616949531
8792009665,2016-04-13,1320,1934,1940.0,8.0,0.0,gain,54.94382950282865
8792009665,2016-04-14,1219,1963,2115.0,8.0,0.0,gain,54.95319600282865
8792009665,2016-04-15,2483,2009,2020.0,6.0,0.0,gain,54.97600883616198
8792009665,2016-04-16,244,1721,2314.0,7.0,0.0,gain,55.01926471116198
8792009665,2016-04-17,0,1688,2378.0,7.0,0.0,gain,55.04895616949531
8792009665,2016-04-18,0,1688,1834.0,7.0,0.0,gain,54.95222723199531
8792009665,2016-04-19,0,1688,2174.0,7.0,0.0,gain,55.02285514866198
8792009665,2016-04-20,3147,2188,2542.0,8.0,0.0,gain,54.98836966949531
8792009665,2016-04-21,144,1720,1939.0,7.0,0.0,gain,54.95865546116198
8792009665,2016-04-22,4068,2419,3030.0,6.0,0.0,gain,55.05063858616198
8792009665,2016-04-23,5245,2748,3050.0,5.0,0.0,gain,55.028774752828646
8792009665,2016-04-24,400,1799,2206.0,7.0,0.0,gain,54.98264425282865
8792009665,2016-04-25,0,1688,2173.0,7.0,0.0,gain,55.00329096116198
8792009665,2016-04-26,1321,1928,1977.0,7.0,0.0,gain,54.94371033616198
8792009665,2016-04-27,1758,2067,2172.0,7.0,0.0,gain,54.95295631532865
8792009665,2016-04-28,6157,2780,3044.0,6.0,0.0,gain,54.97845608616198
8792009665,2016-04-29,8360,3101,2569.0,6.0,1.0,gain,54.882572961161976
8792009665,2016-04-30,7174,2896,3262.0,5.0,0.0,gain,55.02535412782865
8792009665,2016-05-01,1619,1962,2590.0,8.0,0.0,gain,55.04041733616198
8792009665,2016-05-02,1831,2015,2267.0,6.0,0.0,gain,55.012559961161976
8792009665,2016-05-03,2421,2297,2662.0,8.0,0.0,gain,54.97499266949532
8792009665,2016-05-04,2283,2067,2556.0,7.0,0.0,gain,55.01721829449532
8792009665,2016-05-05,0,1688,1803.0,7.0,0.0,gain,54.949067419495314
8792009665,2016-05-06,0,1688,2168.0,7.0,0.0,gain,55.00209306532864
8792009665,2016-05-07,0,1688,1966.0,7.0,0.0,gain,54.99226994032865
8792009665,2016-05-08,0,1688,2041.0,7.0,0.0,gain,54.98529300282865
8792009665,2016-05-09,0,1688,2191.0,7.0,0.0,gain,55.02732119032864
8877689391,2016-04-12,23186,3921,3671.0,6.0,1.0,lose,85.7112861767578
8877689391,2016-04-13,15337,3566,3392.0,6.0,1.0,lose,84.8197281508789
8877689391,2016-04-14,21129,3793,3462.0,6.0,1.0,lose,84.388377125
8877689391,2016-04-15,13422,3934,3866.0,6.0,1.0,lose,85.05228227900834
8877689391,2016-04-17,15118,3545,3439.0,6.0,1.0,lose,85.03250765400834
8877689391,2016-04-18,11423,2761,2265.0,6.0,1.0,lose,85.6740574267578
8877689391,2016-04-19,18785,3676,3397.0,6.0,1.0,lose,85.18828917675779
8877689391,2016-04-20,19948,3679,3533.0,6.0,1.0,lose,84.8284787758789
8877689391,2016-04-21,19377,3659,3199.0,6.0,1.0,lose,84.36345775
8877689391,2016-04-22,18258,3427,3104.0,6.0,1.0,lose,85.03446415400835
8877689391,2016-04-23,11200,3891,3873.0,6.0,1.0,lose,85.432023
8877689391,2016-04-24,16674,3455,3051.0,6.0,1.0,lose,85.4142195
8877689391,2016-04-25,12986,3802,3631.0,6.0,1.0,lose,85.30904052587891
8877689391,2016-04-26,11101,2860,2644.0,6.0,1.0,lose,84.9931319741211
8877689391,2016-04-27,23629,3808,3803.0,6.0,1.0,lose,85.3619472758789
8877689391,2016-04-28,14890,3060,2976.0,6.0,1.0,lose,85.01545784912109
8877689391,2016-04-29,9733,2698,2382.0,6.0,1.0,lose,84.7905772758789
8877689391,2016-05-01,10930,2786,2142.0,6.0,1.0,lose,85.1540991767578
8877689391,2016-05-02,4790,2189,2371.0,6.0,0.0,lose,85.08588727900835
8877689391,2016-05-03,10818,2817,2539.0,6.0,1.0,lose,84.8263744008789
8877689391,2016-05-04,18193,3477,2871.0,6.0,1.0,lose,84.2819940258789
8877689391,2016-05-05,14055,3052,2312.0,6.0,1.0,lose,84.98318240400835
8877689391,2016-05-06,21727,4015,3963.0,6.0,1.0,lose,84.92876325
8877689391,2016-05-07,12332,4142,3528.0,6.0,1.0,lose,84.99133015400834
8877689391,2016-05-08,10686,2847,2453.0,6.0,1.0,lose,85.28800652587891
8877689391,2016-05-09,20226,3710,3397.0,6.0,1.0,lose,85.414916625
8877689391,2016-05-10,10733,2832,2463.0,6.0,1.0,lose,85.02942340400834
8877689391,2016-05-11,21420,3832,3624.0,6.0,1.0,lose,85.32616477587891
8877689391,2016-05-12,8064,1849,1343.0,6.0,1.0,lose,83.89062775
6308bf9d7bf459378df7b47a,2022-08-26,1682,56.4,nan,nan,0,nan,nan
6308fc7f7bf459378df7b48d,2022-08-16,13846,467.94,nan,nan,1,lose,nan
6308fc7f7bf459378df7b48d,2022-08-17,9705,325.95,nan,nan,0,lose,nan
6308fc7f7bf459378df7b48d,2022-08-21,8920,302.4,nan,nan,1,lose,nan
6308fc7f7bf459378df7b48d,2022-08-24,20473,693.02,nan,nan,1,lose,nan
6308fc7f7bf459378df7b48d,2022-08-26,13513,455.24,nan,nan,0,lose,nan
6308fc7f7bf459378df7b48d,2022-08-25,3188,107.81,nan,nan,1,lose,nan
6308fc7f7bf459378df7b48d,2022-08-18,8930,299.76,nan,nan,0,lose,nan
6308fc7f7bf459378df7b48d,2022-08-29,13128,440.8,nan,nan,1,lose,1.0
6308fc7f7bf459378df7b48d,2022-08-19,10716,360.1,nan,nan,0,lose,nan
6308fc7f7bf459378df7b48d,2022-08-27,9326,313.09,nan,nan,0,lose,nan
6308fc7f7bf459378df7b48d,2022-08-28,10469,352.51,nan,nan,0,lose,nan
6308fc7f7bf459378df7b48d,2022-08-22,12742,427.29,nan,nan,0,lose,nan
6308fc7f7bf459378df7b48d,2022-08-20,9349,314.86,nan,nan,0,lose,nan
6308fc7f7bf459378df7b48d,2022-08-23,10212,344.1,nan,nan,0,lose,nan
6308bf9d7bf459378df7b47a,2022-08-05,201,6.74,nan,nan,0,nan,nan
6308bf9d7bf459378df7b47a,2022-08-03,8547,288.69,nan,nan,1,nan,nan
6308bf9d7bf459378df7b47a,2022-08-23,326,10.93,nan,nan,1,nan,nan
6308bf9d7bf459378df7b47a,2022-07-22,462,15.49,nan,nan,1,nan,nan
6308bf9d7bf459378df7b47a,2022-07-26,1495,50.13,nan,nan,0,nan,nan
6308bf9d7bf459378df7b47a,2022-08-16,205,7.27,nan,nan,1,nan,nan
6308bf9d7bf459378df7b47a,2022-08-24,1510,53.37,nan,nan,0,nan,nan
6308bf9d7bf459378df7b47a,2022-07-25,81,2.72,nan,nan,1,nan,nan
6308bf9d7bf459378df7b47a,2022-08-15,1445,48.46,nan,nan,1,nan,nan
6308bf9d7bf459378df7b47a,2022-08-04,359,12.04,nan,nan,0,nan,nan
6308bf9d7bf459378df7b47a,2022-08-17,1345,47.87,nan,nan,1,nan,nan
6308bf9d7bf459378df7b47a,2022-08-02,1099,36.85,nan,nan,0,nan,nan
6308bf9d7bf459378df7b47a,2022-08-18,270,9.63,nan,nan,1,nan,nan
6308bf9d7bf459378df7b47a,2022-07-28,3073,105.93,nan,nan,1,nan,nan
6308bf9d7bf459378df7b47a,2022-07-29,185,6.2,nan,nan,1,nan,nan
6308bf9d7bf459378df7b47a,2022-08-06,352,11.8,nan,nan,1,nan,nan
6308bf9d7bf459378df7b47a,2022-07-27,6746,235.59,nan,nan,0,nan,nan
6308bf9d7bf459378df7b47a,2022-08-25,2733,91.65,nan,6,1,nan,nan
6308bf9d7bf459378df7b47a,2022-08-30,4069,141.65,nan,nan,0,nan,nan
6308fc7f7bf459378df7b48d,2022-08-30,11301,379.38,nan,nan,1,lose,nan
6308fc7f7bf459378df7b48d,2022-08-31,13410,452.78,nan,nan,0,lose,nan
6308fc7f7bf459378df7b48d,2022-09-01,9646,324.61,nan,nan,0,lose,nan
629f14dbb496f53401385f82,2022-07-28,3264,112.93,nan,nan,1,nan,nan
629f14dbb496f53401385f82,2022-08-05,216,7.84,nan,nan,0,nan,nan
629f14dbb496f53401385f82,2022-07-29,376,13.2,nan,nan,0,nan,nan
629f14dbb496f53401385f82,2022-08-04,550,19.04,nan,nan,0,nan,nan
629f14dbb496f53401385f82,2022-08-30,4260,148.65,nan,nan,1,nan,nan
629f14dbb496f53401385f82,2022-08-25,2924,98.65,nan,nan,0,nan,nan
629f14dbb496f53401385f82,2022-08-23,278,9.92,nan,nan,0,nan,nan
629f14dbb496f53401385f82,2022-08-24,288,10.25,nan,nan,0,nan,nan
629f14dbb496f53401385f82,2022-08-17,1536,54.87,nan,nan,0,nan,nan
629f14dbb496f53401385f82,2022-07-22,653,22.49,nan,nan,1,nan,nan
629f14dbb496f53401385f82,2022-07-27,6937,242.59,nan,nan,1,nan,nan
629f14dbb496f53401385f82,2022-08-26,217,7.87,nan,nan,1,nan,nan
629f14dbb496f53401385f82,2022-08-06,543,18.8,nan,nan,1,nan,nan
629f14dbb496f53401385f82,2022-07-25,272,9.72,nan,nan,1,nan,nan
629f14dbb496f53401385f82,2022-07-26,1686,57.13,nan,nan,1,nan,nan
629f14dbb496f53401385f82,2022-09-02,437,24.52,nan,nan,1,nan,nan
629f14dbb496f53401385f82,2022-08-31,357,12.57,nan,nan,1,nan,nan
629f14dbb496f53401385f82,2022-08-15,1636,55.46,nan,nan,0,nan,nan
629f14dbb496f53401385f82,2022-08-18,461,16.63,nan,nan,1,nan,nan
629f14dbb496f53401385f82,2022-08-02,1290,43.85,nan,nan,0,nan,nan
629f14dbb496f53401385f82,2022-08-16,201,7.34,nan,nan,0,nan,nan
629f14dbb496f53401385f82,2022-08-03,8738,295.69,nan,nan,1,nan,nan
62d80c98104aa070628d6f19,2022-08-06,1148,36.8,nan,nan,0,nan,nan
62d80c98104aa070628d6f19,2022-07-28,3869,130.93,nan,nan,0,nan,nan
62d80c98104aa070628d6f19,2022-08-02,1895,61.85,nan,nan,1,nan,nan
62d80c98104aa070628d6f19,2022-07-25,877,27.72,nan,nan,1,nan,nan
62d80c98104aa070628d6f19,2022-07-22,1258,40.49,nan,nan,1,nan,nan
62d80c98104aa070628d6f19,2022-08-04,1155,37.04,nan,nan,1,nan,nan
62d80c98104aa070628d6f19,2022-08-05,997,31.74,nan,nan,1,nan,nan
62d80c98104aa070628d6f19,2022-07-27,7542,260.59,nan,nan,0,nan,nan
62d80c98104aa070628d6f19,2022-08-26,2478,81.4,nan,nan,1,nan,nan
62d80c98104aa070628d6f19,2022-08-18,1066,34.63,nan,nan,1,nan,nan
62d80c98104aa070628d6f19,2022-08-24,2306,78.37,nan,nan,1,nan,nan
62d80c98104aa070628d6f19,2022-08-03,9343,313.69,nan,nan,0,nan,nan
62d80c98104aa070628d6f19,2022-08-31,962,30.57,nan,nan,0,nan,nan
62d80c98104aa070628d6f19,2022-09-02,2128,70.21,nan,nan,0,nan,nan
62d80c98104aa070628d6f19,2022-08-30,4865,166.65,nan,nan,1,nan,nan
62d80c98104aa070628d6f19,2022-08-25,3529,116.65,nan,nan,1,nan,nan
62d80c98104aa070628d6f19,2022-07-26,2291,75.13,nan,nan,0,nan,nan
62d80c98104aa070628d6f19,2022-08-16,1001,32.27,nan,nan,1,nan,nan
62d80c98104aa070628d6f19,2022-08-17,2141,72.87,nan,nan,0,nan,nan
62d80c98104aa070628d6f19,2022-07-29,981,31.2,nan,nan,1,nan,nan
62d80c98104aa070628d6f19,2022-08-15,2241,73.46,nan,nan,0,nan,nan
62d80c98104aa070628d6f19,2022-08-23,1122,35.93,nan,nan,0,nan,nan
6308fc7f7bf459378df7b48d,2022-09-02,22805,767.32,nan,7,0,lose,nan
630f554a86f70a1d5207e9f8,2022-07-26,1495,50.13,nan,nan,1,nan,nan
630f554a86f70a1d5207e9f8,2022-07-25,81,2.72,nan,nan,1,nan,nan
630f554a86f70a1d5207e9f8,2022-07-22,462,15.49,nan,nan,0,nan,nan
630f554a86f70a1d5207e9f8,2022-07-27,6746,235.59,nan,nan,1,nan,nan
630f554a86f70a1d5207e9f8,2022-08-24,97,3.25,nan,nan,1,nan,nan
630f554a86f70a1d5207e9f8,2022-08-03,8547,288.69,nan,nan,1,nan,nan
630f554a86f70a1d5207e9f8,2022-08-18,270,9.63,nan,nan,0,nan,nan
630f554a86f70a1d5207e9f8,2022-08-05,25,0.84,nan,nan,0,nan,nan
630f554a86f70a1d5207e9f8,2022-08-26,26,0.87,nan,nan,1,nan,nan
630f554a86f70a1d5207e9f8,2022-08-02,1099,36.85,nan,nan,1,nan,nan
630f554a86f70a1d5207e9f8,2022-08-30,4069,141.65,nan,nan,0,nan,nan
630f554a86f70a1d5207e9f8,2022-08-23,87,2.92,nan,nan,1,nan,nan
630f554a86f70a1d5207e9f8,2022-08-06,352,11.8,nan,nan,0,nan,nan
630f554a86f70a1d5207e9f8,2022-08-25,2733,91.65,nan,nan,0,nan,nan
630f554a86f70a1d5207e9f8,2022-08-15,1445,48.46,nan,nan,0,nan,nan
630f554a86f70a1d5207e9f8,2022-08-17,1345,47.87,nan,nan,0,nan,nan
630f554a86f70a1d5207e9f8,2022-09-02,281,10.02,nan,nan,1,nan,nan
630f554a86f70a1d5207e9f8,2022-08-04,359,12.04,nan,nan,0,nan,nan
630f554a86f70a1d5207e9f8,2022-07-28,3073,105.93,nan,nan,1,nan,nan
630f554a86f70a1d5207e9f8,2022-08-31,166,5.57,nan,nan,1,nan,nan
630f554a86f70a1d5207e9f8,2022-08-16,10,0.34,nan,nan,0,nan,nan
630f554a86f70a1d5207e9f8,2022-07-29,185,6.2,nan,nan,1,nan,nan
6311c69dee2ddf5f44b5494c,2022-09-02,1525,56.11,nan,nan,0,nan,nan
6311c69dee2ddf5f44b5494c,2022-07-27,7235,261.59,nan,nan,0,nan,nan
6311c69dee2ddf5f44b5494c,2022-07-28,3562,131.93,nan,nan,0,nan,nan
6311c69dee2ddf5f44b5494c,2022-08-04,848,38.04,nan,nan,0,nan,nan
6311c69dee2ddf5f44b5494c,2022-07-22,951,41.49,nan,nan,0,nan,nan
6311c69dee2ddf5f44b5494c,2022-07-29,674,32.2,nan,nan,0,nan,nan
6311c69dee2ddf5f44b5494c,2022-08-03,9036,314.69,nan,nan,0,nan,nan
6311c69dee2ddf5f44b5494c,2022-08-02,1588,62.85,nan,nan,0,nan,nan
6311c69dee2ddf5f44b5494c,2022-08-15,1934,74.46,nan,nan,0,nan,nan
6311c69dee2ddf5f44b5494c,2022-07-25,570,28.72,nan,nan,1,nan,nan
6311c69dee2ddf5f44b5494c,2022-08-18,759,35.63,nan,nan,1,nan,nan
6311c69dee2ddf5f44b5494c,2022-08-05,514,26.84,nan,nan,1,nan,nan
6311c69dee2ddf5f44b5494c,2022-08-26,515,26.87,nan,nan,1,nan,nan
6311c69dee2ddf5f44b5494c,2022-08-25,3222,117.65,nan,nan,1,nan,nan
6311c69dee2ddf5f44b5494c,2022-08-06,841,37.8,nan,nan,1,nan,nan
6311c69dee2ddf5f44b5494c,2022-08-17,1834,73.87,nan,nan,1,nan,nan
6311c69dee2ddf5f44b5494c,2022-08-24,586,29.25,nan,nan,0,nan,nan
6311c69dee2ddf5f44b5494c,2022-08-23,576,28.92,nan,nan,0,nan,nan
6311c69dee2ddf5f44b5494c,2022-08-31,655,31.57,nan,nan,1,nan,nan
6311c69dee2ddf5f44b5494c,2022-08-30,4558,167.65,nan,nan,1,nan,nan
6311c69dee2ddf5f44b5494c,2022-07-26,1984,76.13,nan,nan,0,nan,nan
6311c69dee2ddf5f44b5494c,2022-08-16,499,26.34,nan,nan,0,nan,nan
6308bf9d7bf459378df7b47a,2022-09-02,2226,73.49,nan,nan,1,nan,nan
6308bf9d7bf459378df7b47a,2022-08-31,166,5.57,nan,nan,0,nan,nan
6308fc7f7bf459378df7b48d,2022-09-03,20660,695.66,nan,7,1,lose,nan
6315e09ea26deb43662bda92,2022-08-03,896,30.05,nan,nan,0,nan,nan
6315e09ea26deb43662bda92,2022-08-08,658,23,nan,nan,1,nan,nan
6315e09ea26deb43662bda92,2022-08-04,18,0.6,nan,nan,0,nan,nan
6315e09ea26deb43662bda92,2022-08-05,481,17,nan,nan,1,nan,nan
6315e09ea26deb43662bda92,2022-09-05,366,14.02,nan,nan,1,nan,nan
6315e09ea26deb43662bda92,2022-08-11,250,9.04,nan,nan,1,nan,nan
6315e09ea26deb43662bda92,2022-08-09,267,8.95,nan,nan,1,nan,nan
6315e09ea26deb43662bda92,2022-08-18,20,0.67,nan,nan,0,nan,nan
6315e09ea26deb43662bda92,2022-08-22,557,19.49,nan,nan,0,nan,nan
6315e09ea26deb43662bda92,2022-08-23,814,27.3,nan,nan,1,nan,nan
6315e09ea26deb43662bda92,2022-08-24,8152,273.82,nan,nan,0,nan,nan
6315e09ea26deb43662bda92,2022-08-25,637,21.72,nan,nan,0,nan,nan
6315e09ea26deb43662bda92,2022-08-26,8215,276.5,nan,nan,0,nan,nan
6315e09ea26deb43662bda92,2022-09-01,464,15.56,nan,nan,0,nan,nan
6308fc7f7bf459378df7b48d,2022-09-05,9401,315.25,nan,9,1,lose,nan
6308fc7f7bf459378df7b48d,2022-09-04,26163,881.37,nan,nan,0,lose,nan
6308fc7f7bf459378df7b48d,2022-09-06,20475,692.34,nan,nan,0,lose,nan
6315e09ea26deb43662bda92,2022-09-06,136,4.56,nan,nan,1,nan,nan
63177302a26deb43662bdb1a,2022-08-05,481,17,nan,nan,0,nan,nan
63177302a26deb43662bdb1a,2022-08-04,18,0.6,nan,nan,0,nan,nan
63177302a26deb43662bdb1a,2022-08-03,896,30.05,nan,nan,1,nan,nan
63177302a26deb43662bdb1a,2022-08-08,658,23,nan,nan,1,nan,nan
63177302a26deb43662bdb1a,2022-08-09,267,8.95,nan,nan,0,nan,nan
63177302a26deb43662bdb1a,2022-08-11,250,9.04,nan,nan,0,nan,nan
63177302a26deb43662bdb1a,2022-08-18,20,0.67,nan,nan,0,nan,nan
63177302a26deb43662bdb1a,2022-08-23,814,27.3,nan,nan,0,nan,nan
63177302a26deb43662bdb1a,2022-08-22,557,19.49,nan,nan,0,nan,nan
63177302a26deb43662bdb1a,2022-09-01,464,15.56,nan,nan,0,nan,nan
63177302a26deb43662bdb1a,2022-08-25,637,21.72,nan,nan,0,nan,nan
63177302a26deb43662bdb1a,2022-08-24,8152,273.82,nan,nan,0,nan,nan
63177302a26deb43662bdb1a,2022-09-07,730,24.48,nan,nan,0,nan,nan
63177302a26deb43662bdb1a,2022-09-05,366,14.02,nan,nan,1,nan,nan
63177302a26deb43662bdb1a,2022-08-26,8215,276.5,nan,nan,1,nan,nan
63177302a26deb43662bdb1a,2022-09-06,174,5.83,nan,nan,1,nan,nan
631b654fa26deb43662bdb84,2022-08-31,13410,452.78,nan,nan,0,lose,nan
631b654fa26deb43662bdb84,2022-09-07,21753,732.58,nan,nan,1,lose,nan
631b654fa26deb43662bdb84,2022-09-01,9646,324.61,nan,nan,0,lose,nan
631b654fa26deb43662bdb84,2022-09-02,22805,767.32,nan,nan,0,lose,nan
631b654fa26deb43662bdb84,2022-09-08,4203,148.69,nan,nan,1,lose,nan
631b654fa26deb43662bdb84,2022-09-10,7818,262.98,nan,nan,1,lose,nan
631b654fa26deb43662bdb84,2022-09-04,26163,881.37,nan,nan,1,lose,nan
631b654fa26deb43662bdb84,2022-09-06,20475,692.34,nan,nan,0,lose,nan
631b654fa26deb43662bdb84,2022-08-30,11301,379.38,nan,nan,0,lose,nan
631b654fa26deb43662bdb84,2022-09-05,9401,315.25,nan,9,0,lose,nan
631b654fa26deb43662bdb84,2022-09-09,2294,76.93,nan,nan,0,lose,92.0
631b654fa26deb43662bdb84,2022-09-03,20660,695.66,nan,7,1,lose,nan
6308fc7f7bf459378df7b48d,2022-09-07,21753,732.58,nan,nan,0,lose,nan
6308fc7f7bf459378df7b48d,2022-09-10,29033,980.73,nan,nan,1,lose,nan
6308fc7f7bf459378df7b48d,2022-09-09,2294,76.93,nan,nan,0,lose,nan
6308fc7f7bf459378df7b48d,2022-09-08,4203,148.69,nan,nan,0,lose,nan
6308fc7f7bf459378df7b48d,2022-09-11,14215,480.32,nan,5,1,lose,nan
6308fc7f7bf459378df7b48d,2022-09-12,17705,595.37,nan,nan,1,lose,nan
6308fc7f7bf459378df7b48d,2022-09-13,5620,191.43,nan,nan,0,lose,nan
6308fc7f7bf459378df7b48d,2022-09-14,6304,215.27,nan,nan,1,lose,nan
6308fc7f7bf459378df7b48d,2022-09-17,17816,604.26,nan,nan,1,lose,nan
6308fc7f7bf459378df7b48d,2022-09-15,21683,733.42,nan,nan,1,lose,nan
6308fc7f7bf459378df7b48d,2022-09-16,22624,761.34,nan,nan,1,lose,nan
6308fc7f7bf459378df7b48d,2022-09-18,9543,324.4,nan,nan,1,lose,nan
6308fc7f7bf459378df7b48d,2022-09-19,1196,40.11,nan,nan,0,lose,nan
6308fc7f7bf459378df7b48d,2022-09-20,8999,301.77,nan,nan,0,lose,90.0
6308fc7f7bf459378df7b48d,2022-09-22,12358,417.2,nan,nan,1,lose,nan
6308fc7f7bf459378df7b48d,2022-09-23,13169,445.18,nan,nan,0,lose,nan
6308fc7f7bf459378df7b48d,2022-09-24,12588,424.52,nan,nan,1,lose,nan
6308fc7f7bf459378df7b48d,2022-09-25,9726,327.77,nan,nan,0,lose,nan
6308fc7f7bf459378df7b48d,2022-09-26,6900,231.38,nan,nan,0,lose,nan
6308fc7f7bf459378df7b48d,2022-09-28,10996,373.84,nan,nan,0,lose,81.0
6308fc7f7bf459378df7b48d,2022-09-29,9813,330.93,496,nan,1,lose,91.0
6308fc7f7bf459378df7b48d,2022-09-30,14807,500.53,nan,nan,0,lose,nan
6308fc7f7bf459378df7b48d,2022-10-03,382,12.81,nan,nan,1,lose,nan
6308fc7f7bf459378df7b48d,2022-10-02,15815,530.72,nan,nan,1,lose,nan
6308fc7f7bf459378df7b48d,2022-10-04,14381,487.02,nan,nan,1,lose,nan
6308fc7f7bf459378df7b48d,2022-10-01,12839,432.13,nan,nan,1,lose,91.0
