,id,date,total_steps,calories,calories_in,kg,sleep_hours,target,Class
0,1503960366,2016-04-12,13162,1985,1379.0,52.5999984741211,5.0,1.0,lose
1,1503960366,2016-04-13,10735,1797,1577.0,52.5999984741211,6.0,1.0,lose
2,1503960366,2016-04-14,10460,1776,1125.0,52.5999984741211,6.0,1.0,lose
3,1503960366,2016-04-15,9762,1745,1574.0,52.5999984741211,6.0,1.0,lose
4,1503960366,2016-04-16,12669,1863,1493.0,52.5999984741211,5.0,1.0,lose
5,1503960366,2016-04-17,9705,1728,1485.0,52.5999984741211,11.0,1.0,lose
6,1503960366,2016-04-18,13019,1921,1887.0,52.5999984741211,6.0,1.0,lose
7,1503960366,2016-04-19,15506,2035,1437.0,52.5999984741211,5.0,1.0,lose
8,1503960366,2016-04-20,10544,1786,1686.0,52.5999984741211,6.0,1.0,lose
9,1503960366,2016-04-21,9819,1775,1602.0,52.5999984741211,5.0,1.0,lose
10,1503960366,2016-04-22,12764,1827,1613.0,52.5999984741211,6.0,1.0,lose
11,1503960366,2016-04-23,14371,1949,1821.0,52.5999984741211,6.0,1.0,lose
12,1503960366,2016-04-24,10039,1788,1773.0,52.5999984741211,7.0,1.0,lose
13,1503960366,2016-04-25,15355,2013,1900.0,52.5999984741211,4.0,1.0,lose
14,1503960366,2016-04-26,13755,1970,1474.0,52.5999984741211,4.0,1.0,lose
15,1503960366,2016-04-27,18134,2159,1469.0,52.5999984741211,6.0,1.0,lose
16,1503960366,2016-04-28,13154,1898,1262.0,52.5999984741211,6.0,1.0,lose
17,1503960366,2016-04-29,11181,1837,1407.0,52.5999984741211,5.0,1.0,lose
18,1503960366,2016-04-30,14673,1947,1517.0,52.5999984741211,6.0,1.0,lose
19,1503960366,2016-05-01,10602,1820,1360.0,52.5999984741211,6.0,1.0,lose
20,1503960366,2016-05-02,14727,2004,1539.0,52.5999984741211,4.0,1.0,lose
21,1503960366,2016-05-03,15103,1990,1945.0,52.5999984741211,4.0,1.0,lose
22,1503960366,2016-05-04,11100,1819,1560.0,52.5999984741211,6.0,1.0,lose
23,1503960366,2016-05-05,14070,1959,1784.0,52.5999984741211,4.0,1.0,lose
24,1503960366,2016-05-06,12159,1896,1630.0,52.5999984741211,5.0,1.0,lose
25,1503960366,2016-05-07,11992,1821,1344.0,52.5999984741211,5.0,1.0,lose
26,1503960366,2016-05-08,10060,1740,1026.0,52.5999984741211,9.0,1.0,lose
27,1503960366,2016-05-09,12022,1819,1761.0,52.5999984741211,5.0,1.0,lose
28,1503960366,2016-05-10,12207,1859,1629.0,52.5999984741211,6.0,1.0,lose
29,1503960366,2016-05-11,12770,1783,1145.0,52.5999984741211,4.0,1.0,lose
30,1624580081,2016-04-12,8163,1432,1109.0,50.072532455763394,6.0,1.0,gain
31,1624580081,2016-04-13,7007,1411,1706.0,50.072532455763394,6.0,0.0,gain
32,1624580081,2016-04-14,9107,1572,1254.0,50.072532455763394,6.0,1.0,gain
33,1624580081,2016-04-15,1510,1344,1649.0,50.072532455763394,6.0,0.0,gain
34,1624580081,2016-04-16,5370,1463,1675.0,50.072532455763394,6.0,0.0,gain
35,1624580081,2016-04-17,6175,1554,1649.0,50.072532455763394,6.0,0.0,gain
36,1624580081,2016-04-18,10536,1604,1249.0,50.072532455763394,6.0,1.0,gain
37,1624580081,2016-04-19,2916,1435,1748.0,50.072532455763394,6.0,0.0,gain
38,1624580081,2016-04-20,4974,1446,1993.0,50.072532455763394,6.0,0.0,gain
39,1624580081,2016-04-21,6349,1467,1708.0,50.072532455763394,6.0,0.0,gain
40,1624580081,2016-04-22,4026,1470,2028.0,50.072532455763394,6.0,0.0,gain
41,1624580081,2016-04-23,8538,1562,965.0,50.072532455763394,6.0,1.0,gain
42,1624580081,2016-04-24,6076,1617,2145.0,50.072532455763394,6.0,0.0,gain
43,1624580081,2016-04-25,6497,1492,2006.0,50.072532455763394,6.0,0.0,gain
44,1624580081,2016-04-26,2826,1402,1664.0,50.072532455763394,6.0,0.0,gain
45,1624580081,2016-04-27,8367,1670,1581.0,50.072532455763394,6.0,1.0,gain
46,1624580081,2016-04-28,2759,1401,1470.0,50.072532455763394,6.0,0.0,gain
47,1624580081,2016-04-29,2390,1404,1965.0,50.072532455763394,6.0,0.0,gain
48,1624580081,2016-04-30,6474,1655,1714.0,50.072532455763394,6.0,0.0,gain
49,1624580081,2016-05-01,36019,2690,2324.0,50.072532455763394,6.0,1.0,gain
50,1624580081,2016-05-02,7155,1497,2173.0,50.072532455763394,6.0,0.0,gain
51,1624580081,2016-05-03,2100,1334,1442.0,50.072532455763394,6.0,0.0,gain
52,1624580081,2016-05-04,2193,1368,1823.0,50.072532455763394,6.0,0.0,gain
53,1624580081,2016-05-05,2470,1370,1870.0,50.072532455763394,6.0,0.0,gain
54,1624580081,2016-05-06,1727,1341,1712.0,50.072532455763394,6.0,0.0,gain
55,1624580081,2016-05-07,2104,1474,1890.0,50.072532455763394,6.0,0.0,gain
56,1624580081,2016-05-08,3427,1427,1903.0,50.072532455763394,6.0,0.0,gain
57,1624580081,2016-05-09,1732,1328,1651.0,50.072532455763394,6.0,0.0,gain
58,1624580081,2016-05-10,2969,1393,1887.0,50.072532455763394,6.0,0.0,gain
59,1624580081,2016-05-11,3134,1359,1498.0,50.072532455763394,6.0,0.0,gain
60,1624580081,2016-05-12,2971,1002,1002.0,50.072532455763394,6.0,0.0,gain
61,1644430081,2016-04-12,10694,3199,2715.0,58.755660027779825,4.0,1.0,gain
62,1644430081,2016-04-13,8001,2902,2581.0,58.755660027779825,4.0,1.0,gain
63,1644430081,2016-04-14,11037,3226,3172.0,58.755660027779825,4.0,1.0,gain
64,1644430081,2016-04-15,5263,2750,2834.0,58.755660027779825,4.0,0.0,gain
65,1644430081,2016-04-16,15300,3493,3376.0,58.755660027779825,4.0,1.0,gain
66,1644430081,2016-04-17,8757,3011,2949.0,58.755660027779825,4.0,1.0,gain
67,1644430081,2016-04-18,7132,2806,3331.0,58.755660027779825,4.0,0.0,gain
68,1644430081,2016-04-19,11256,3300,3180.0,58.755660027779825,4.0,1.0,gain
69,1644430081,2016-04-20,2436,2430,2975.0,58.755660027779825,4.0,0.0,gain
70,1644430081,2016-04-21,1223,2140,2210.0,58.755660027779825,4.0,0.0,gain
71,1644430081,2016-04-22,3673,2344,2891.0,58.755660027779825,4.0,0.0,gain
72,1644430081,2016-04-23,6637,2677,3110.0,58.755660027779825,4.0,0.0,gain
73,1644430081,2016-04-24,3321,2413,2779.0,58.755660027779825,4.0,0.0,gain
74,1644430081,2016-04-25,3580,2497,2634.0,58.755660027779825,4.0,0.0,gain
75,1644430081,2016-04-26,9919,3123,2819.0,58.755660027779825,4.0,1.0,gain
76,1644430081,2016-04-27,3032,2489,2901.0,58.755660027779825,4.0,0.0,gain
77,1644430081,2016-04-28,9405,3108,2805.0,58.755660027779825,4.0,1.0,gain
78,1644430081,2016-04-29,3176,2498,2827.0,58.755660027779825,1.0,0.0,gain
79,1644430081,2016-04-30,18213,3846,3404.0,58.755660027779825,2.0,1.0,gain
80,1644430081,2016-05-01,6132,2696,3324.0,58.755660027779825,4.0,0.0,gain
81,1644430081,2016-05-02,3758,2580,2593.0,58.755660027779825,13.0,0.0,gain
82,1644430081,2016-05-03,12850,3324,3028.0,58.755660027779825,4.0,1.0,gain
83,1644430081,2016-05-04,2309,2222,2248.0,58.755660027779825,4.0,0.0,gain
84,1644430081,2016-05-05,4363,2463,2664.0,58.755660027779825,4.0,0.0,gain
85,1644430081,2016-05-06,9787,3328,3111.0,58.755660027779825,4.0,1.0,gain
86,1644430081,2016-05-07,13372,3404,3076.0,58.755660027779825,4.0,1.0,gain
87,1644430081,2016-05-08,6724,2987,3116.0,58.755660027779825,2.0,0.0,gain
88,1644430081,2016-05-09,6643,3008,3588.0,58.755660027779825,4.0,0.0,gain
89,1644430081,2016-05-10,9167,2799,2782.0,58.755660027779825,4.0,1.0,gain
90,1644430081,2016-05-11,1329,1276,1532.0,58.755660027779825,4.0,0.0,gain
91,1844505072,2016-04-12,6697,2030,2275.0,93.21719848931826,10.0,0.0,gain
92,1844505072,2016-04-13,4929,1860,1992.0,93.21719848931826,10.0,0.0,gain
93,1844505072,2016-04-14,7937,2130,2320.460850111857,93.21719848931826,10.0,0.0,gain
94,1844505072,2016-04-15,3844,1725,1822.0,93.21719848931826,10.0,0.0,gain
95,1844505072,2016-04-16,3414,1657,2043.0,93.21719848931826,10.0,0.0,gain
96,1844505072,2016-04-17,4525,1793,2149.0,93.21719848931826,10.0,0.0,gain
97,1844505072,2016-04-18,4597,1814,1844.0,93.21719848931826,10.0,0.0,gain
98,1844505072,2016-04-19,197,1366,1816.0,93.21719848931826,10.0,0.0,gain
99,1844505072,2016-04-20,8,1349,1409.0,93.21719848931826,10.0,0.0,gain
100,1844505072,2016-04-21,8054,2062,1753.0,93.21719848931826,10.0,1.0,gain
101,1844505072,2016-04-22,5372,1827,2205.0,93.21719848931826,10.0,0.0,gain
102,1844505072,2016-04-23,3570,1645,1853.0,93.21719848931826,10.0,0.0,gain
103,1844505072,2016-04-24,0,1347,1372.0,93.21719848931826,10.0,0.0,gain
104,1844505072,2016-04-25,0,1347,1412.0,93.21719848931826,10.0,0.0,gain
105,1844505072,2016-04-26,0,1347,1634.0,93.21719848931826,10.0,0.0,gain
106,1844505072,2016-04-27,4,1348,1352.0,93.21719848931826,10.0,0.0,gain
107,1844505072,2016-04-28,6907,1992,2073.0,93.21719848931826,10.0,0.0,gain
108,1844505072,2016-04-29,4920,1856,2224.0,93.21719848931826,10.0,0.0,gain
109,1844505072,2016-04-30,4014,1763,2089.0,93.21719848931826,12.0,0.0,gain
110,1844505072,2016-05-01,2573,1541,1553.0,93.21719848931826,9.0,0.0,gain
111,1844505072,2016-05-02,0,1348,1876.0,93.21719848931826,10.0,0.0,gain
112,1844505072,2016-05-03,4059,1742,2299.0,93.21719848931826,10.0,0.0,gain
113,1844505072,2016-05-04,2080,1549,2021.0,93.21719848931826,10.0,0.0,gain
114,1844505072,2016-05-05,2237,1589,1609.0,93.21719848931826,10.0,0.0,gain
115,1844505072,2016-05-06,44,1351,1899.0,93.21719848931826,10.0,0.0,gain
116,1844505072,2016-05-07,0,1347,1820.0,93.21719848931826,10.0,0.0,gain
117,1844505072,2016-05-08,0,1347,1472.0,93.21719848931826,10.0,0.0,gain
118,1844505072,2016-05-09,0,1347,1699.0,93.21719848931826,10.0,0.0,gain
119,1844505072,2016-05-10,0,1347,1489.0,93.21719848931826,10.0,0.0,gain
120,1844505072,2016-05-11,0,1347,1850.0,93.21719848931826,10.0,0.0,gain
121,1927972279,2016-04-12,678,2220,2260.0,133.5,12.0,0.0,gain
122,1927972279,2016-04-13,356,2151,2541.0,133.5,6.0,0.0,gain
123,1927972279,2016-04-14,2163,2383,2619.0,133.5,6.0,0.0,gain
124,1927972279,2016-04-15,980,2221,2295.0,133.5,7.0,0.0,gain
125,1927972279,2016-04-16,0,2064,2516.0,133.5,6.0,0.0,gain
126,1927972279,2016-04-17,0,2063,2536.0,133.5,6.0,0.0,gain
127,1927972279,2016-04-18,244,2111,2147.0,133.5,6.0,0.0,gain
128,1927972279,2016-04-19,0,2063,2641.0,133.5,6.0,0.0,gain
129,1927972279,2016-04-20,0,2063,2307.0,133.5,6.0,0.0,gain
130,1927972279,2016-04-21,0,2064,2420.0,133.5,6.0,0.0,gain
131,1927972279,2016-04-22,149,2093,2647.0,133.5,6.0,0.0,gain
132,1927972279,2016-04-23,2945,2499,3000.0,133.5,6.0,0.0,gain
133,1927972279,2016-04-24,2090,2324,2855.0,133.5,6.0,0.0,gain
134,1927972279,2016-04-25,152,2100,2609.0,133.5,6.0,0.0,gain
135,1927972279,2016-04-26,3761,2638,2759.0,133.5,4.0,0.0,gain
136,1927972279,2016-04-27,0,2063,2084.0,133.5,6.0,0.0,gain
137,1927972279,2016-04-28,1675,2351,2898.0,133.5,2.0,0.0,gain
138,1927972279,2016-04-29,0,2063,2279.0,133.5,6.0,0.0,gain
139,1927972279,2016-04-30,0,2064,2628.0,133.5,6.0,0.0,gain
140,1927972279,2016-05-01,2704,2411,2897.0,133.5,6.0,0.0,gain
141,1927972279,2016-05-02,3790,2505,2988.0,133.5,6.0,0.0,gain
142,1927972279,2016-05-03,1326,2195,2711.0,133.5,6.0,0.0,gain
143,1927972279,2016-05-04,1786,2338,2882.0,133.5,6.0,0.0,gain
144,1927972279,2016-05-05,0,2063,2167.0,133.5,6.0,0.0,gain
145,1927972279,2016-05-06,2091,2383,2651.0,133.5,6.0,0.0,gain
146,1927972279,2016-05-07,1510,2229,2611.0,133.5,6.0,0.0,gain
147,1927972279,2016-05-08,0,2063,2624.0,133.5,6.0,0.0,gain
148,1927972279,2016-05-09,0,2063,2392.0,133.5,6.0,0.0,gain
149,1927972279,2016-05-10,0,2063,2166.0,133.5,6.0,0.0,gain
150,1927972279,2016-05-11,0,2063,2128.0,133.5,6.0,0.0,gain
151,1927972279,2016-05-12,0,1383,1974.0,133.5,6.0,0.0,gain
152,2022484408,2016-04-12,11875,2390,2003.0,90.39541631110043,6.0,1.0,lose
153,2022484408,2016-04-13,12024,2601,2345.0,90.39541631110043,6.0,1.0,lose
154,2022484408,2016-04-14,10690,2312,1729.0,90.39541631110043,6.0,1.0,lose
155,2022484408,2016-04-15,11034,2525,2182.0,90.39541631110043,6.0,1.0,lose
156,2022484408,2016-04-16,10100,2177,2119.0,90.39541631110043,6.0,1.0,lose
157,2022484408,2016-04-17,15112,2782,2544.0,90.39541631110043,6.0,1.0,lose
158,2022484408,2016-04-18,14131,2770,2291.0,90.39541631110043,6.0,1.0,lose
159,2022484408,2016-04-19,11548,2489,2304.0,90.39541631110043,6.0,1.0,lose
160,2022484408,2016-04-20,15112,2897,2581.0,90.39541631110043,6.0,1.0,lose
161,2022484408,2016-04-21,12453,3158,2843.0,90.39541631110043,6.0,1.0,lose
162,2022484408,2016-04-22,12954,2638,2482.0,90.39541631110043,6.0,1.0,lose
163,2022484408,2016-04-23,6001,2069,2419.0,90.39541631110043,6.0,0.0,lose
164,2022484408,2016-04-24,13481,2529,2088.0,90.39541631110043,6.0,1.0,lose
165,2022484408,2016-04-25,11369,2470,2263.0,90.39541631110043,6.0,1.0,lose
166,2022484408,2016-04-26,10119,2793,2567.0,90.39541631110043,6.0,1.0,lose
167,2022484408,2016-04-27,10159,2463,2116.0,90.39541631110043,6.0,1.0,lose
168,2022484408,2016-04-28,10140,2296,2081.0,90.39541631110043,6.0,1.0,lose
169,2022484408,2016-04-29,10245,2611,2053.0,90.39541631110043,6.0,1.0,lose
170,2022484408,2016-04-30,18387,2732,2592.0,90.39541631110043,6.0,1.0,lose
171,2022484408,2016-05-01,10538,2380,2231.0,90.39541631110043,6.0,1.0,lose
172,2022484408,2016-05-02,10379,2473,2140.0,90.39541631110043,6.0,1.0,lose
173,2022484408,2016-05-03,12183,2752,2632.0,90.39541631110043,6.0,1.0,lose
174,2022484408,2016-05-04,11768,2649,2083.0,90.39541631110043,6.0,1.0,lose
175,2022484408,2016-05-05,11895,2609,2060.0,90.39541631110043,6.0,1.0,lose
176,2022484408,2016-05-06,10227,2498,2212.0,90.39541631110043,6.0,1.0,lose
177,2022484408,2016-05-07,6708,1995,2138.0,90.39541631110043,6.0,0.0,lose
178,2022484408,2016-05-08,3292,1848,2013.0,90.39541631110043,6.0,0.0,lose
179,2022484408,2016-05-09,13379,2709,2199.0,90.39541631110043,6.0,1.0,lose
180,2022484408,2016-05-10,12798,2797,2736.0,90.39541631110043,6.0,1.0,lose
181,2022484408,2016-05-11,13272,2544,2350.0,90.39541631110043,6.0,1.0,lose
182,2022484408,2016-05-12,9117,1853,1442.0,90.39541631110043,6.0,1.0,lose
183,2026352035,2016-04-12,4414,1459,1740.0,57.97326062247775,8.0,0.0,gain
184,2026352035,2016-04-13,4993,1521,2050.0,57.97326062247775,8.0,0.0,gain
185,2026352035,2016-04-14,3335,1431,1447.0,57.97326062247775,9.0,0.0,gain
186,2026352035,2016-04-15,3821,1444,1688.0,57.97326062247775,8.0,0.0,gain
187,2026352035,2016-04-16,2547,1373,1709.0,57.97326062247775,8.0,0.0,gain
188,2026352035,2016-04-17,838,1214,1328.0,57.97326062247775,7.0,0.0,gain
189,2026352035,2016-04-18,3325,1419,1464.0,57.97326062247775,8.0,0.0,gain
190,2026352035,2016-04-19,2424,1356,1530.0,57.97326062247775,8.0,0.0,gain
191,2026352035,2016-04-20,7222,1667,1877.0,57.97326062247775,7.0,0.0,gain
192,2026352035,2016-04-21,2467,1370,1374.0,57.97326062247775,7.0,0.0,gain
193,2026352035,2016-04-22,2915,1399,1627.0,57.97326062247775,8.0,0.0,gain
194,2026352035,2016-04-23,12357,1916,1370.0,57.97326062247775,8.0,1.0,gain
195,2026352035,2016-04-24,3490,1401,1867.0,57.97326062247775,9.0,0.0,gain
196,2026352035,2016-04-25,6017,1576,1606.0,57.97326062247775,8.0,0.0,gain
197,2026352035,2016-04-26,5933,1595,1877.0,57.97326062247775,8.0,0.0,gain
198,2026352035,2016-04-27,6088,1593,1631.0,57.97326062247775,8.0,0.0,gain
199,2026352035,2016-04-28,6375,1649,2337.0,57.97326062247775,8.0,0.0,gain
200,2026352035,2016-04-29,7604,1692,1784.0,57.97326062247775,8.0,0.0,gain
201,2026352035,2016-04-30,4729,1506,1961.0,57.97326062247775,9.0,0.0,gain
202,2026352035,2016-05-01,3609,1447,1493.0,57.97326062247775,8.0,0.0,gain
203,2026352035,2016-05-02,7018,1690,2066.0,57.97326062247775,8.0,0.0,gain
204,2026352035,2016-05-03,5992,1604,2208.0,57.97326062247775,8.0,0.0,gain
205,2026352035,2016-05-04,6564,1658,2048.0,57.97326062247775,8.0,0.0,gain
206,2026352035,2016-05-05,12167,1926,1457.0,57.97326062247775,7.0,1.0,gain
207,2026352035,2016-05-06,8198,1736,1241.0,57.97326062247775,8.0,1.0,gain
208,2026352035,2016-05-07,4193,1491,1519.0,57.97326062247775,8.0,0.0,gain
209,2026352035,2016-05-08,5528,1555,1727.0,57.97326062247775,9.0,0.0,gain
210,2026352035,2016-05-09,10685,1869,1416.0,57.97326062247775,8.0,1.0,gain
211,2026352035,2016-05-10,254,1141,1265.0,57.97326062247775,5.0,0.0,gain
212,2026352035,2016-05-11,8580,1698,1194.0,57.97326062247775,8.0,1.0,gain
213,2026352035,2016-05-12,8891,1364,1218.0,57.97326062247775,7.0,1.0,gain
214,2320127002,2016-04-12,10725,2124,2010.0,59.52942500603933,1.0,1.0,gain
215,2320127002,2016-04-13,7275,2003,2453.0,59.52942500603933,1.0,0.0,gain
216,2320127002,2016-04-14,3973,1696,2170.0,59.52942500603933,1.0,0.0,gain
217,2320127002,2016-04-15,5205,1801,2238.0,59.52942500603933,1.0,0.0,gain
218,2320127002,2016-04-16,5057,1724,2302.0,59.52942500603933,1.0,0.0,gain
219,2320127002,2016-04-17,6198,1852,2094.0,59.52942500603933,1.0,0.0,gain
220,2320127002,2016-04-18,6559,1905,2079.0,59.52942500603933,1.0,0.0,gain
221,2320127002,2016-04-19,5997,1811,2141.0,59.52942500603933,1.0,0.0,gain
222,2320127002,2016-04-20,7192,1922,1957.0,59.52942500603933,1.0,0.0,gain
223,2320127002,2016-04-21,3404,1610,1703.0,59.52942500603933,1.0,0.0,gain
224,2320127002,2016-04-22,5583,1851,2102.0,59.52942500603933,1.0,0.0,gain
225,2320127002,2016-04-23,5079,1804,2410.0,59.52942500603933,1.0,0.0,gain
226,2320127002,2016-04-24,4165,1725,1786.0,59.52942500603933,1.0,0.0,gain
227,2320127002,2016-04-25,3588,1654,1772.0,59.52942500603933,1.0,0.0,gain
228,2320127002,2016-04-26,3409,1632,1900.0,59.52942500603933,1.0,0.0,gain
229,2320127002,2016-04-27,1715,1481,1998.0,59.52942500603933,1.0,0.0,gain
230,2320127002,2016-04-28,1532,1473,2066.0,59.52942500603933,1.0,0.0,gain
231,2320127002,2016-04-29,924,1410,1815.0,59.52942500603933,1.0,0.0,gain
232,2320127002,2016-04-30,4571,1779,2163.0,59.52942500603933,1.0,0.0,gain
233,2320127002,2016-05-01,772,1403,2056.0,59.52942500603933,1.0,0.0,gain
234,2320127002,2016-05-02,3634,1613,1688.0,59.52942500603933,1.0,0.0,gain
235,2320127002,2016-05-03,7443,1878,2086.0,59.52942500603933,1.0,0.0,gain
236,2320127002,2016-05-04,1201,1426,1524.0,59.52942500603933,1.0,0.0,gain
237,2320127002,2016-05-05,5202,1780,2064.0,59.52942500603933,1.0,0.0,gain
238,2320127002,2016-05-06,4878,1742,1894.0,59.52942500603933,1.0,0.0,gain
239,2320127002,2016-05-07,7379,1972,2466.0,59.52942500603933,1.0,0.0,gain
240,2320127002,2016-05-08,5161,1821,2289.0,59.52942500603933,1.0,0.0,gain
241,2320127002,2016-05-09,3090,1630,2286.0,59.52942500603933,1.0,0.0,gain
242,2320127002,2016-05-10,6227,1899,2223.0,59.52942500603933,1.0,0.0,gain
243,2320127002,2016-05-11,6424,1903,2514.0,59.52942500603933,1.0,0.0,gain
244,2320127002,2016-05-12,2661,1125,1138.0,59.52942500603933,1.0,0.0,gain
245,2347167796,2016-04-12,10113,2344,1966.0,89.43346541007976,7.0,1.0,lose
246,2347167796,2016-04-13,10352,2038,1534.0,89.43346541007976,7.0,1.0,lose
247,2347167796,2016-04-14,10129,2010,1844.0,89.43346541007976,7.0,1.0,lose
248,2347167796,2016-04-15,10465,2133,2096.0,89.43346541007976,7.0,1.0,lose
249,2347167796,2016-04-16,22244,2670,2580.0,89.43346541007976,7.0,1.0,lose
250,2347167796,2016-04-17,5472,1882,1944.0,89.43346541007976,9.0,0.0,lose
251,2347167796,2016-04-18,8247,1944,1683.0,89.43346541007976,8.0,1.0,lose
252,2347167796,2016-04-19,6711,2346,2864.0,89.43346541007976,7.0,0.0,lose
253,2347167796,2016-04-20,10999,2198,1990.0,89.43346541007976,7.0,1.0,lose
254,2347167796,2016-04-21,10080,2048,1750.0,89.43346541007976,7.0,1.0,lose
255,2347167796,2016-04-22,7804,1946,2320.460850111857,89.43346541007976,6.0,0.0,lose
256,2347167796,2016-04-23,16901,2629,2108.0,89.43346541007976,6.0,1.0,lose
257,2347167796,2016-04-24,9471,2187,1684.0,89.43346541007976,7.0,1.0,lose
258,2347167796,2016-04-25,9482,2095,1846.0,89.43346541007976,7.0,1.0,lose
259,2347167796,2016-04-26,5980,1861,1932.0,89.43346541007976,7.0,0.0,lose
260,2347167796,2016-04-27,11423,2194,2091.0,89.43346541007976,7.0,1.0,lose
261,2347167796,2016-04-28,5439,1854,2131.0,89.43346541007976,6.0,0.0,lose
262,2873212765,2016-04-12,8796,1982,1404.0,57.0,6.0,1.0,gain
263,2873212765,2016-04-13,7618,2004,2482.0,57.0,6.0,0.0,gain
264,2873212765,2016-04-14,7910,1893,2320.460850111857,57.0,6.0,0.0,gain
265,2873212765,2016-04-15,8482,2063,1937.0,57.0,6.0,1.0,gain
266,2873212765,2016-04-16,9685,2148,1691.0,57.0,6.0,1.0,gain
267,2873212765,2016-04-17,2524,1529,1888.0,57.0,6.0,0.0,gain
268,2873212765,2016-04-18,7762,1890,2320.460850111857,57.0,6.0,0.0,gain
269,2873212765,2016-04-19,7948,1956,2320.460850111857,57.0,6.0,0.0,gain
270,2873212765,2016-04-20,9202,2094,1628.0,57.0,6.0,1.0,gain
271,2873212765,2016-04-21,8859,1970,1812.0,56.7000007629395,6.0,1.0,gain
272,2873212765,2016-04-22,7286,2241,2616.0,57.0,6.0,0.0,gain
273,2873212765,2016-04-23,9317,2021,1860.0,57.0,6.0,1.0,gain
274,2873212765,2016-04-24,6873,1898,2538.0,57.0,6.0,0.0,gain
275,2873212765,2016-04-25,7373,1907,2316.0,57.0,6.0,0.0,gain
276,2873212765,2016-04-26,8242,1882,1348.0,57.0,6.0,1.0,gain
277,2873212765,2016-04-27,3516,1966,2060.0,57.0,6.0,0.0,gain
278,2873212765,2016-04-28,7913,1835,2320.460850111857,57.0,6.0,0.0,gain
279,2873212765,2016-04-29,7365,1780,2304.0,57.0,6.0,0.0,gain
280,2873212765,2016-04-30,8452,1830,1591.0,57.0,6.0,1.0,gain
281,2873212765,2016-05-01,7399,1739,2368.0,57.0,6.0,0.0,gain
282,2873212765,2016-05-02,7525,1878,2522.0,57.0,6.0,0.0,gain
283,2873212765,2016-05-03,7412,1906,2234.0,57.0,6.0,0.0,gain
284,2873212765,2016-05-04,8278,2015,1899.0,57.0,6.0,1.0,gain
285,2873212765,2016-05-05,8314,1971,1805.0,57.0,6.0,1.0,gain
286,2873212765,2016-05-06,7063,1910,2474.0,57.0,6.0,0.0,gain
287,2873212765,2016-05-07,4940,1897,2200.0,57.0,6.0,0.0,gain
288,2873212765,2016-05-08,8168,2096,1729.0,57.0,6.0,1.0,gain
289,2873212765,2016-05-09,7726,1906,2320.460850111857,57.0,6.0,0.0,gain
290,2873212765,2016-05-10,8275,1962,1921.0,57.0,6.0,1.0,gain
291,2873212765,2016-05-11,6440,1826,2351.0,57.0,6.0,0.0,gain
292,2873212765,2016-05-12,7566,1431,1585.0,57.2999992370605,6.0,0.0,gain
293,3372868164,2016-04-12,4747,1788,1985.0,83.1332232793291,6.0,0.0,gain
294,3372868164,2016-04-13,9715,2093,1587.0,83.1332232793291,6.0,1.0,gain
295,3372868164,2016-04-14,8844,2065,1827.0,83.1332232793291,6.0,1.0,gain
296,3372868164,2016-04-15,7451,1908,2480.0,83.1332232793291,6.0,0.0,gain
297,3372868164,2016-04-16,6905,1908,2451.0,83.1332232793291,6.0,0.0,gain
298,3372868164,2016-04-17,8199,1964,1730.0,83.1332232793291,6.0,1.0,gain
299,3372868164,2016-04-18,6798,2014,2154.0,83.1332232793291,6.0,0.0,gain
300,3372868164,2016-04-19,7711,1985,2320.460850111857,83.1332232793291,6.0,0.0,gain
301,3372868164,2016-04-20,4880,1867,2507.0,83.1332232793291,6.0,0.0,gain
302,3372868164,2016-04-21,8857,2124,1767.0,83.1332232793291,6.0,1.0,gain
303,3372868164,2016-04-22,3843,1669,2041.0,83.1332232793291,6.0,0.0,gain
304,3372868164,2016-04-23,7396,1995,2626.0,83.1332232793291,6.0,0.0,gain
305,3372868164,2016-04-24,6731,1921,2290.0,83.1332232793291,6.0,0.0,gain
306,3372868164,2016-04-25,5995,2010,2362.0,83.1332232793291,6.0,0.0,gain
307,3372868164,2016-04-26,8283,2057,1830.0,83.1332232793291,6.0,1.0,gain
308,3372868164,2016-04-27,7904,2095,2320.460850111857,83.1332232793291,6.0,0.0,gain
309,3372868164,2016-04-28,5512,1972,2164.0,83.1332232793291,6.0,0.0,gain
310,3372868164,2016-04-29,9135,2044,1603.0,83.1332232793291,6.0,1.0,gain
311,3372868164,2016-04-30,5250,1946,1972.0,83.1332232793291,6.0,0.0,gain
312,3372868164,2016-05-01,3077,1237,1929.0,83.1332232793291,6.0,0.0,gain
313,3977333714,2016-04-12,8856,1450,1086.0,50.59511704376325,4.0,1.0,lose
314,3977333714,2016-04-13,10035,1495,1103.0,50.59511704376325,4.0,1.0,lose
315,3977333714,2016-04-14,7641,1433,1575.0,50.59511704376325,4.0,0.0,lose
316,3977333714,2016-04-15,9010,1468,1124.0,50.59511704376325,7.0,1.0,lose
317,3977333714,2016-04-16,13459,1625,1484.0,50.59511704376325,4.0,1.0,lose
318,3977333714,2016-04-17,10415,1529,1446.0,50.59511704376325,6.0,1.0,lose
319,3977333714,2016-04-18,11663,1584,1146.0,50.59511704376325,6.0,1.0,lose
320,3977333714,2016-04-19,12414,1638,924.0,50.59511704376325,3.0,1.0,lose
321,3977333714,2016-04-20,11658,1554,1472.0,50.59511704376325,2.0,1.0,lose
322,3977333714,2016-04-21,6093,1397,1429.0,50.59511704376325,5.0,0.0,lose
323,3977333714,2016-04-22,8911,1481,1438.0,50.59511704376325,5.0,1.0,lose
324,3977333714,2016-04-23,12058,1638,1158.0,50.59511704376325,3.0,1.0,lose
325,3977333714,2016-04-24,14112,1655,1193.0,50.59511704376325,5.0,1.0,lose
326,3977333714,2016-04-25,11177,1570,1413.0,50.59511704376325,4.0,1.0,lose
327,3977333714,2016-04-26,11388,1551,1238.0,50.59511704376325,4.0,1.0,lose
328,3977333714,2016-04-27,7193,1377,1990.0,50.59511704376325,5.0,0.0,lose
329,3977333714,2016-04-28,7114,1407,1815.0,50.59511704376325,4.0,0.0,lose
330,3977333714,2016-04-29,10645,1545,918.0,50.59511704376325,5.0,1.0,lose
331,3977333714,2016-04-30,13238,1650,938.0,50.59511704376325,3.0,1.0,lose
332,3977333714,2016-05-01,10414,1501,1447.0,50.59511704376325,6.0,1.0,lose
333,3977333714,2016-05-02,16520,1760,1383.0,50.59511704376325,3.0,1.0,lose
334,3977333714,2016-05-03,14335,1710,1139.0,50.59511704376325,4.0,1.0,lose
335,3977333714,2016-05-04,13559,1628,1612.0,50.59511704376325,3.0,1.0,lose
336,3977333714,2016-05-05,12312,1618,1371.0,50.59511704376325,5.0,1.0,lose
337,3977333714,2016-05-06,11677,1590,1101.0,50.59511704376325,5.0,1.0,lose
338,3977333714,2016-05-07,11550,1574,1009.0,50.59511704376325,3.0,1.0,lose
339,3977333714,2016-05-08,13585,1633,1407.0,50.59511704376325,4.0,1.0,lose
340,3977333714,2016-05-09,14687,1667,1587.0,50.59511704376325,4.0,1.0,lose
341,3977333714,2016-05-10,13072,1630,976.0,50.59511704376325,5.0,1.0,lose
342,4020332650,2016-04-12,8539,3654,2994.0,49.15139410004022,8.0,1.0,gain
343,4020332650,2016-04-13,0,1981,2322.0,49.15139410004022,5.0,0.0,gain
344,4020332650,2016-04-14,108,2011,2098.0,49.15139410004022,5.0,0.0,gain
345,4020332650,2016-04-15,1882,2951,3359.0,49.15139410004022,5.0,0.0,gain
346,4020332650,2016-04-16,1982,3051,3465.0,49.15139410004022,1.0,0.0,gain
347,4020332650,2016-04-17,16,1990,2476.0,49.15139410004022,5.0,0.0,gain
348,4020332650,2016-04-18,62,1995,2519.0,49.15139410004022,5.0,0.0,gain
349,4020332650,2016-04-19,0,1980,2169.0,49.15139410004022,5.0,0.0,gain
350,4020332650,2016-04-20,0,1980,2503.0,49.15139410004022,5.0,0.0,gain
351,4020332650,2016-04-21,0,1980,2387.0,49.15139410004022,5.0,0.0,gain
352,4020332650,2016-04-22,0,1980,2166.0,49.15139410004022,5.0,0.0,gain
353,4020332650,2016-04-23,0,1980,2502.0,49.15139410004022,5.0,0.0,gain
354,4020332650,2016-04-24,0,1980,2289.0,49.15139410004022,5.0,0.0,gain
355,4020332650,2016-04-25,0,1980,2493.0,49.15139410004022,5.0,0.0,gain
356,4020332650,2016-04-26,0,1980,2277.0,49.15139410004022,5.0,0.0,gain
357,4020332650,2016-04-27,0,1980,2647.0,49.15139410004022,5.0,0.0,gain
358,4020332650,2016-04-28,0,1980,2569.0,49.15139410004022,5.0,0.0,gain
359,4020332650,2016-04-29,0,1980,2059.0,49.15139410004022,5.0,0.0,gain
360,4020332650,2016-04-30,0,1980,2390.0,49.15139410004022,5.0,0.0,gain
361,4020332650,2016-05-01,0,1980,2556.0,49.15139410004022,5.0,0.0,gain
362,4020332650,2016-05-02,475,2207,2399.0,49.15139410004022,5.0,0.0,gain
363,4020332650,2016-05-03,4496,2828,3212.0,49.15139410004022,5.0,0.0,gain
364,4020332650,2016-05-04,10252,3879,3759.0,49.15139410004022,7.0,1.0,gain
365,4020332650,2016-05-05,11728,3429,3104.0,49.15139410004022,3.0,1.0,gain
366,4020332650,2016-05-06,4369,2704,2872.0,49.15139410004022,6.0,0.0,gain
367,4020332650,2016-05-07,6132,2975,3010.0,49.15139410004022,5.0,0.0,gain
368,4020332650,2016-05-08,5862,3089,3499.0,49.15139410004022,6.0,0.0,gain
369,4020332650,2016-05-09,4556,2785,3470.0,49.15139410004022,5.0,0.0,gain
370,4020332650,2016-05-10,5546,2926,2944.0,49.15139410004022,7.0,0.0,gain
371,4020332650,2016-05-11,3689,2645,3136.0,49.15139410004022,5.0,0.0,gain
372,4020332650,2016-05-12,590,1120,1241.0,49.15139410004022,5.0,0.0,gain
373,4057192912,2016-04-12,5394,2286,2741.0,98.70514663553725,6.0,0.0,gain
374,4057192912,2016-04-13,5974,2306,2755.0,98.70514663553725,6.0,0.0,gain
375,4057192912,2016-04-14,0,1776,2184.0,98.70514663553725,6.0,0.0,gain
376,4057192912,2016-04-15,3984,1527,2223.0,98.70514663553725,6.0,0.0,gain
377,4319703577,2016-04-12,7753,2115,2320.460850111857,72.35000228881836,7.0,0.0,lose
378,4319703577,2016-04-13,8204,2135,1839.0,72.35000228881836,7.0,1.0,lose
379,4319703577,2016-04-14,10210,2302,1993.0,72.35000228881836,8.0,1.0,lose
380,4319703577,2016-04-15,5664,1985,2278.0,72.35000228881836,7.0,0.0,lose
381,4319703577,2016-04-16,4744,1884,2202.0,72.35000228881836,8.0,0.0,lose
382,4319703577,2016-04-17,29,1464,1549.0,72.4000015258789,7.0,0.0,lose
383,4319703577,2016-04-18,2276,1632,2278.0,72.35000228881836,8.0,0.0,lose
384,4319703577,2016-04-19,8925,2200,2061.0,72.35000228881836,7.0,1.0,lose
385,4319703577,2016-04-20,8954,2220,2161.0,72.35000228881836,8.0,1.0,lose
386,4319703577,2016-04-21,3702,1792,2349.0,72.35000228881836,0.0,0.0,lose
387,4319703577,2016-04-22,4500,1886,1980.0,72.35000228881836,8.0,0.0,lose
388,4319703577,2016-04-23,4935,1945,2543.0,72.35000228881836,11.0,0.0,lose
389,4319703577,2016-04-24,4081,1880,2372.0,72.35000228881836,7.0,0.0,lose
390,4319703577,2016-04-25,9259,2314,2138.0,72.35000228881836,8.0,1.0,lose
391,4319703577,2016-04-26,9899,2236,1638.0,72.35000228881836,8.0,1.0,lose
392,4319703577,2016-04-27,10780,2324,1728.0,72.35000228881836,4.0,1.0,lose
393,4319703577,2016-04-28,10817,2367,1895.0,72.35000228881836,8.0,1.0,lose
394,4319703577,2016-04-29,7990,2175,2320.460850111857,72.35000228881836,8.0,0.0,lose
395,4319703577,2016-04-30,8221,2092,2040.0,72.35000228881836,8.0,1.0,lose
396,4319703577,2016-05-01,1251,1593,2055.0,72.35000228881836,8.0,0.0,lose
397,4319703577,2016-05-02,9261,2270,2003.0,72.35000228881836,7.0,1.0,lose
398,4319703577,2016-05-03,9648,2235,1963.0,72.35000228881836,7.0,1.0,lose
399,4319703577,2016-05-04,10429,2282,1826.0,72.3000030517578,7.0,1.0,lose
400,4319703577,2016-05-05,13658,2530,1840.0,72.35000228881836,7.0,1.0,lose
401,4319703577,2016-05-06,9524,2266,2197.0,72.35000228881836,7.0,1.0,lose
402,4319703577,2016-05-07,7937,2158,2320.460850111857,72.35000228881836,8.0,0.0,lose
403,4319703577,2016-05-08,3672,1792,1928.0,72.35000228881836,10.0,0.0,lose
404,4319703577,2016-05-09,10378,2345,1893.0,72.35000228881836,8.0,1.0,lose
405,4319703577,2016-05-10,9487,2260,1770.0,72.35000228881836,8.0,1.0,lose
406,4319703577,2016-05-11,9129,2232,2103.0,72.35000228881836,8.0,1.0,lose
407,4388161847,2016-04-12,10122,2955,2825.0,86.93049874821331,6.0,1.0,lose
408,4388161847,2016-04-13,10993,3092,2920.0,86.93049874821331,6.0,1.0,lose
409,4388161847,2016-04-14,8863,2998,2409.0,86.93049874821331,6.0,1.0,lose
410,4388161847,2016-04-15,8758,3066,2982.0,86.93049874821331,8.0,1.0,lose
411,4388161847,2016-04-16,6580,3073,3218.0,86.93049874821331,7.0,0.0,lose
412,4388161847,2016-04-17,4660,2572,3324.0,86.93049874821331,10.0,0.0,lose
413,4388161847,2016-04-18,11009,3274,3162.0,86.93049874821331,1.0,1.0,lose
414,4388161847,2016-04-19,10181,3015,2587.0,86.93049874821331,5.0,1.0,lose
415,4388161847,2016-04-20,10553,3083,2474.0,86.93049874821331,7.0,1.0,lose
416,4388161847,2016-04-21,10055,3069,2709.0,86.93049874821331,7.0,1.0,lose
417,4388161847,2016-04-22,12139,3544,3242.0,86.93049874821331,1.0,1.0,lose
418,4388161847,2016-04-23,13236,3306,3302.0,86.93049874821331,7.0,1.0,lose
419,4388161847,2016-04-24,10243,2885,2546.0,86.93049874821331,9.0,1.0,lose
420,4388161847,2016-04-25,12961,3288,2745.0,86.93049874821331,6.0,1.0,lose
421,4388161847,2016-04-26,9461,2929,2745.0,86.93049874821331,5.0,1.0,lose
422,4388161847,2016-04-27,11193,3074,2687.0,86.93049874821331,7.0,1.0,lose
423,4388161847,2016-04-28,10074,2969,2822.0,86.93049874821331,7.0,1.0,lose
424,4388161847,2016-04-29,9232,2979,2346.0,86.93049874821331,6.0,1.0,lose
425,4388161847,2016-04-30,12533,3283,3081.0,86.93049874821331,6.0,1.0,lose
426,4388161847,2016-05-01,10255,2926,2416.0,86.93049874821331,9.0,1.0,lose
427,4388161847,2016-05-02,10096,3147,2463.0,86.93049874821331,6.0,1.0,lose
428,4388161847,2016-05-03,12727,3290,3198.0,86.93049874821331,6.0,1.0,lose
429,4388161847,2016-05-04,12375,3162,3157.0,86.93049874821331,6.0,1.0,lose
430,4388161847,2016-05-05,9603,2899,2614.0,86.93049874821331,7.0,1.0,lose
431,4388161847,2016-05-05,9603,2899,2596.0,86.93049874821331,7.0,1.0,lose
432,4388161847,2016-05-06,13175,3425,3395.0,86.93049874821331,6.0,1.0,lose
433,4388161847,2016-05-07,22770,4022,3989.0,86.93049874821331,7.0,1.0,lose
434,4388161847,2016-05-08,17298,3934,3257.0,86.93049874821331,8.0,1.0,lose
435,4388161847,2016-05-09,10218,3013,2848.0,86.93049874821331,1.0,1.0,lose
436,4388161847,2016-05-10,10299,3061,2546.0,86.93049874821331,5.0,1.0,lose
437,4388161847,2016-05-11,10201,2954,2693.0,86.93049874821331,7.0,1.0,lose
438,4388161847,2016-05-12,3369,1623,1976.0,86.93049874821331,6.0,0.0,lose
439,4445114986,2016-04-12,3276,2113,2615.0,85.89836264235323,7.0,0.0,gain
440,4445114986,2016-04-13,2961,2095,2225.0,85.89836264235323,6.0,0.0,gain
441,4445114986,2016-04-14,3974,2194,2257.0,85.89836264235323,7.0,0.0,gain
442,4445114986,2016-04-15,7198,2496,2931.0,85.89836264235323,5.0,0.0,gain
443,4445114986,2016-04-16,3945,2180,2379.0,85.89836264235323,7.0,0.0,gain
444,4445114986,2016-04-17,2268,1933,2503.0,85.89836264235323,1.0,0.0,gain
445,4445114986,2016-04-18,6155,2248,2428.0,85.89836264235323,6.0,0.0,gain
446,4445114986,2016-04-19,2064,1954,2184.0,85.89836264235323,6.0,0.0,gain
447,4445114986,2016-04-20,2072,1974,2126.0,85.89836264235323,7.0,0.0,gain
448,4445114986,2016-04-21,3809,2150,2382.0,85.89836264235323,7.0,0.0,gain
449,4445114986,2016-04-22,6831,2432,2992.0,85.89836264235323,6.0,0.0,gain
450,4445114986,2016-04-23,4363,2149,2240.0,85.89836264235323,6.0,0.0,gain
451,4445114986,2016-04-24,5002,2247,2317.0,85.89836264235323,6.0,0.0,gain
452,4445114986,2016-04-25,3385,2070,2317.0,85.89836264235323,5.0,0.0,gain
453,4445114986,2016-04-26,6326,2291,2474.0,85.89836264235323,5.0,0.0,gain
454,4445114986,2016-04-27,7243,2361,2686.0,85.89836264235323,5.0,0.0,gain
455,4445114986,2016-04-28,4493,2203,2669.0,85.89836264235323,6.0,0.0,gain
456,4445114986,2016-04-29,4676,2196,2773.0,85.89836264235323,1.0,0.0,gain
457,4445114986,2016-04-30,6222,2363,2715.0,85.89836264235323,5.0,0.0,gain
458,4445114986,2016-05-01,5232,2246,2454.0,85.89836264235323,7.0,0.0,gain
459,4445114986,2016-05-02,6910,2336,2929.0,85.89836264235323,8.0,0.0,gain
460,4445114986,2016-05-03,7502,2421,2841.0,85.89836264235323,6.0,0.0,gain
461,4445114986,2016-05-04,2923,2070,2103.0,85.89836264235323,5.0,0.0,gain
462,4445114986,2016-05-05,3800,2120,2145.0,85.89836264235323,7.0,0.0,gain
463,4445114986,2016-05-06,4514,2211,2708.0,85.89836264235323,6.0,0.0,gain
464,4445114986,2016-05-07,5183,2123,2347.0,85.89836264235323,6.0,0.0,gain
465,4445114986,2016-05-08,7303,2423,2966.0,85.89836264235323,6.0,0.0,gain
466,4445114986,2016-05-09,5275,2281,2973.0,85.89836264235323,7.0,0.0,gain
467,4445114986,2016-05-10,3915,2181,2615.0,85.89836264235323,6.0,0.0,gain
468,4445114986,2016-05-11,9105,2499,2240.0,85.89836264235323,8.0,1.0,gain
469,4445114986,2016-05-12,768,1212,1435.0,85.89836264235323,8.0,0.0,gain
470,4558609924,2016-04-12,5135,1909,2093.0,69.63999938964844,2.0,0.0,gain
471,4558609924,2016-04-13,4978,1722,1918.0,69.63999938964844,2.0,0.0,gain
472,4558609924,2016-04-14,6799,1922,2398.0,69.63999938964844,2.0,0.0,gain
473,4558609924,2016-04-15,7795,2121,2320.460850111857,69.63999938964844,2.0,0.0,gain
474,4558609924,2016-04-16,7289,1997,2323.0,69.63999938964844,2.0,0.0,gain
475,4558609924,2016-04-17,9634,2117,2101.0,69.63999938964844,2.0,1.0,gain
476,4558609924,2016-04-18,8940,2116,1594.0,69.6999969482422,2.0,1.0,gain
477,4558609924,2016-04-19,5401,1876,2530.0,69.63999938964844,2.0,0.0,gain
478,4558609924,2016-04-20,4803,1788,2345.0,69.63999938964844,2.0,0.0,gain
479,4558609924,2016-04-21,13743,2486,2012.0,69.63999938964844,2.0,1.0,gain
480,4558609924,2016-04-22,9601,2094,1634.0,69.63999938964844,2.0,1.0,gain
481,4558609924,2016-04-23,6890,2085,2109.0,69.63999938964844,2.0,0.0,gain
482,4558609924,2016-04-24,8563,2173,1824.0,69.63999938964844,2.0,1.0,gain
483,4558609924,2016-04-25,8095,2225,2097.0,70.3000030517578,2.0,1.0,gain
484,4558609924,2016-04-26,9148,2223,1886.0,69.63999938964844,1.0,1.0,gain
485,4558609924,2016-04-27,9557,2098,1650.0,69.63999938964844,2.0,1.0,gain
486,4558609924,2016-04-28,9451,2185,2000.0,69.63999938964844,2.0,1.0,gain
487,4558609924,2016-04-29,7833,1918,2320.460850111857,69.63999938964844,2.0,0.0,gain
488,4558609924,2016-04-30,10319,2105,1770.0,69.63999938964844,2.0,1.0,gain
489,4558609924,2016-05-01,3428,1692,1873.0,69.9000015258789,1.0,0.0,gain
490,4558609924,2016-05-02,7891,2066,2320.460850111857,69.1999969482422,2.0,0.0,gain
491,4558609924,2016-05-03,5267,1953,2310.0,69.63999938964844,2.0,0.0,gain
492,4558609924,2016-05-04,5232,1842,2058.0,69.63999938964844,2.0,0.0,gain
493,4558609924,2016-05-05,10611,2262,1954.0,69.63999938964844,2.0,1.0,gain
494,4558609924,2016-05-06,3755,1722,2181.0,69.63999938964844,2.0,0.0,gain
495,4558609924,2016-05-07,8237,1973,1471.0,69.63999938964844,2.0,1.0,gain
496,4558609924,2016-05-08,6543,2666,2672.0,69.63999938964844,2.0,0.0,gain
497,4558609924,2016-05-09,11451,2223,2080.0,69.0999984741211,2.0,1.0,gain
498,4558609924,2016-05-10,6435,1889,2178.0,69.63999938964844,2.0,0.0,gain
499,4558609924,2016-05-11,9108,2131,1833.0,69.63999938964844,2.0,1.0,gain
500,4558609924,2016-05-12,6307,1452,1714.0,69.63999938964844,2.0,0.0,gain
501,4702921684,2016-04-12,7213,2947,3681.0,62.67336264235317,7.0,0.0,lose
502,4702921684,2016-04-13,6877,2898,3408.0,62.67336264235317,6.0,0.0,lose
503,4702921684,2016-04-14,7860,2984,2320.460850111857,62.67336264235317,6.0,0.0,lose
504,4702921684,2016-04-15,6506,2896,3264.0,62.67336264235317,4.0,0.0,lose
505,4702921684,2016-04-16,11140,3328,3010.0,62.67336264235317,6.0,1.0,lose
506,4702921684,2016-04-17,12692,3394,2789.0,62.67336264235317,9.0,1.0,lose
507,4702921684,2016-04-18,9105,3013,2464.0,62.67336264235317,4.0,1.0,lose
508,4702921684,2016-04-19,6708,2812,3271.0,62.67336264235317,7.0,0.0,lose
509,4702921684,2016-04-20,8793,3061,2425.0,62.67336264235317,7.0,1.0,lose
510,4702921684,2016-04-21,6530,2729,2769.0,62.67336264235317,7.0,0.0,lose
511,4702921684,2016-04-22,1664,2241,2451.0,62.67336264235317,7.0,0.0,lose
512,4702921684,2016-04-23,15126,3691,3582.0,62.67336264235317,7.0,1.0,lose
513,4702921684,2016-04-24,15050,3538,3019.0,62.67336264235317,8.0,1.0,lose
514,4702921684,2016-04-25,9167,3064,2566.0,62.67336264235317,6.0,1.0,lose
515,4702921684,2016-04-26,6108,2784,3342.0,62.67336264235317,7.0,0.0,lose
516,4702921684,2016-04-27,7047,2908,3016.0,62.67336264235317,7.0,0.0,lose
517,4702921684,2016-04-28,9023,3033,2639.0,62.67336264235317,7.0,1.0,lose
518,4702921684,2016-04-29,9930,3165,2796.0,62.67336264235317,7.0,1.0,lose
519,4702921684,2016-04-30,10144,3115,2806.0,62.67336264235317,7.0,1.0,lose
520,4702921684,2016-05-01,0,2017,2312.0,62.67336264235317,7.0,0.0,lose
521,4702921684,2016-05-02,7245,2859,3447.0,62.67336264235317,7.0,0.0,lose
522,4702921684,2016-05-03,9454,3145,3030.0,62.67336264235317,5.0,1.0,lose
523,4702921684,2016-05-04,8161,3004,2615.0,62.67336264235317,6.0,1.0,lose
524,4702921684,2016-05-05,8614,3006,2586.0,62.67336264235317,6.0,1.0,lose
525,4702921684,2016-05-06,6943,2859,3591.0,62.67336264235317,6.0,0.0,lose
526,4702921684,2016-05-07,14370,3683,3506.0,62.67336264235317,8.0,1.0,lose
527,4702921684,2016-05-07,14370,3683,3498.0,62.67336264235317,8.0,1.0,lose
528,4702921684,2016-05-08,12857,3287,2940.0,62.67336264235317,7.0,1.0,lose
529,4702921684,2016-05-09,8232,2990,2966.0,62.67336264235317,7.0,1.0,lose
530,4702921684,2016-05-10,10613,3172,2640.0,62.67336264235317,6.0,1.0,lose
531,4702921684,2016-05-11,9810,3069,2605.0,62.67336264235317,5.0,1.0,lose
532,4702921684,2016-05-12,2752,1240,1420.0,62.67336264235317,6.0,0.0,lose
533,5553957443,2016-04-12,11596,2026,1745.0,89.13282210181256,7.0,1.0,lose
534,5553957443,2016-04-13,4832,1718,2079.0,89.13282210181256,7.0,0.0,lose
535,5553957443,2016-04-14,17022,2324,2305.0,89.13282210181256,5.0,1.0,lose
536,5553957443,2016-04-15,16556,2254,2070.0,89.13282210181256,6.0,1.0,lose
537,5553957443,2016-04-16,5771,1831,2293.0,89.13282210181256,10.0,0.0,lose
538,5553957443,2016-04-17,655,1397,1500.0,89.13282210181256,5.0,0.0,lose
539,5553957443,2016-04-18,3727,1683,1952.0,89.13282210181256,8.0,0.0,lose
540,5553957443,2016-04-19,15482,2284,1720.0,89.13282210181256,5.0,1.0,lose
541,5553957443,2016-04-20,2713,1570,1682.0,89.13282210181256,10.0,0.0,lose
542,5553957443,2016-04-21,12346,2066,1523.0,89.13282210181256,6.0,1.0,lose
543,5553957443,2016-04-22,11682,2105,1999.0,89.13282210181256,5.0,1.0,lose
544,5553957443,2016-04-23,4112,1776,1777.0,89.13282210181256,10.0,0.0,lose
545,5553957443,2016-04-24,1807,1507,1765.0,89.13282210181256,9.0,0.0,lose
546,5553957443,2016-04-25,10946,2033,1684.0,89.13282210181256,7.0,1.0,lose
547,5553957443,2016-04-26,11886,2093,1787.0,89.13282210181256,6.0,1.0,lose
548,5553957443,2016-04-27,10538,1922,1818.0,89.13282210181256,5.0,1.0,lose
549,5553957443,2016-04-28,11393,1999,1978.0,89.13282210181256,7.0,1.0,lose
550,5553957443,2016-04-29,12764,2169,1589.0,89.13282210181256,7.0,1.0,lose
551,5553957443,2016-04-30,1202,1463,1872.0,89.13282210181256,12.0,0.0,lose
552,5553957443,2016-05-01,5164,1747,2389.0,89.13282210181256,10.0,0.0,lose
553,5553957443,2016-05-02,9769,1996,1581.0,89.13282210181256,6.0,1.0,lose
554,5553957443,2016-05-03,12848,2116,1469.0,89.13282210181256,6.0,1.0,lose
555,5553957443,2016-05-04,4249,1698,1732.0,89.13282210181256,7.0,0.0,lose
556,5553957443,2016-05-05,14331,2156,1993.0,89.13282210181256,6.0,1.0,lose
557,5553957443,2016-05-06,9632,1916,1651.0,89.13282210181256,6.0,1.0,lose
558,5553957443,2016-05-07,1868,1494,1703.0,89.13282210181256,7.0,0.0,lose
559,5553957443,2016-05-08,6083,1762,2280.0,89.13282210181256,9.0,0.0,lose
560,5553957443,2016-05-09,11611,2272,2195.0,89.13282210181256,7.0,1.0,lose
561,5553957443,2016-05-10,16358,2335,2150.0,89.13282210181256,6.0,1.0,lose
562,5553957443,2016-05-11,4926,1693,1906.0,89.13282210181256,7.0,0.0,lose
563,5577150313,2016-04-12,8135,3405,2750.0,100.95275779313087,6.0,1.0,lose
564,5577150313,2016-04-13,5077,2551,2583.0,100.95275779313087,7.0,0.0,lose
565,5577150313,2016-04-14,8596,4022,3995.0,100.95275779313087,7.0,1.0,lose
566,5577150313,2016-04-15,12087,4005,3849.0,100.95275779313087,6.0,1.0,lose
567,5577150313,2016-04-16,14269,4274,3690.0,100.95275779313087,6.0,1.0,lose
568,5577150313,2016-04-18,9893,3625,3522.0,100.95275779313087,8.0,1.0,lose
569,5577150313,2016-04-19,12574,3501,3480.0,100.95275779313087,7.0,1.0,lose
570,5577150313,2016-04-20,8330,3192,2741.0,100.95275779313087,7.0,1.0,lose
571,5577150313,2016-04-21,10830,4018,3639.0,100.95275779313087,6.0,1.0,lose
572,5577150313,2016-04-22,9172,3329,2896.0,100.95275779313087,5.0,1.0,lose
573,5577150313,2016-04-26,5325,3088,3281.0,100.95275779313087,5.0,0.0,lose
574,5577150313,2016-04-28,9841,3580,3063.0,100.95275779313087,6.0,1.0,lose
575,5577150313,2016-05-02,7439,3014,3573.0,100.95275779313087,8.0,0.0,lose
576,5577150313,2016-05-03,11045,3795,3614.0,100.95275779313087,8.0,1.0,lose
577,5577150313,2016-05-04,5206,2755,3003.0,100.95275779313087,10.0,0.0,lose
578,5577150313,2016-05-05,7550,3004,3643.0,100.95275779313087,1.0,0.0,lose
579,5577150313,2016-05-06,4950,2643,3052.0,100.95275779313087,7.0,0.0,lose
580,5577150313,2016-05-07,0,1819,2382.0,100.95275779313087,7.0,0.0,lose
581,5577150313,2016-05-08,0,1819,2309.0,100.95275779313087,7.0,0.0,lose
582,5577150313,2016-05-09,3421,2489,2813.0,100.95275779313087,7.0,0.0,lose
583,5577150313,2016-05-10,8869,3841,3813.0,100.95275779313087,8.0,1.0,lose
584,5577150313,2016-05-11,4038,1665,2077.0,100.95275779313087,7.0,0.0,lose
585,6117666160,2016-04-12,0,1496,1570.0,100.90927953226125,7.0,0.0,gain
586,6117666160,2016-04-13,0,1496,1953.0,100.90927953226125,7.0,0.0,gain
587,6117666160,2016-04-14,0,1496,1520.0,100.90927953226125,7.0,0.0,gain
588,6117666160,2016-04-15,14019,2865,2718.0,100.90927953226125,7.0,1.0,gain
589,6117666160,2016-04-16,14450,2828,2715.0,100.90927953226125,6.0,1.0,gain
590,6117666160,2016-04-17,7150,2225,2363.0,100.90927953226125,5.0,0.0,gain
591,6117666160,2016-04-18,5153,2018,2068.0,100.90927953226125,8.0,0.0,gain
592,6117666160,2016-04-19,11135,2606,1950.0,100.90927953226125,7.0,1.0,gain
593,6117666160,2016-04-20,10449,2536,2043.0,100.90927953226125,7.0,1.0,gain
594,6117666160,2016-04-22,8206,2409,1893.0,100.90927953226125,8.0,1.0,gain
595,6117666160,2016-04-23,11495,2651,1985.0,100.90927953226125,8.0,1.0,gain
596,6117666160,2016-04-24,7623,2305,2473.0,100.90927953226125,5.0,0.0,gain
597,6117666160,2016-04-25,0,1497,1515.0,100.90927953226125,7.0,0.0,gain
598,6117666160,2016-04-26,9543,2450,2024.0,100.90927953226125,7.0,1.0,gain
599,6117666160,2016-04-27,9411,2576,1948.0,100.90927953226125,9.0,1.0,gain
600,6117666160,2016-04-28,3403,1879,1937.0,100.90927953226125,6.0,0.0,gain
601,6117666160,2016-04-29,9592,2560,1956.0,100.90927953226125,10.0,1.0,gain
602,6117666160,2016-04-30,6987,2275,2774.0,100.90927953226125,7.0,0.0,gain
603,6117666160,2016-05-01,8915,2361,1872.0,100.90927953226125,8.0,1.0,gain
604,6117666160,2016-05-02,4933,2044,2317.0,100.90927953226125,7.0,0.0,gain
605,6117666160,2016-05-03,0,1496,1757.0,100.90927953226125,7.0,0.0,gain
606,6117666160,2016-05-04,2997,1902,2056.0,100.90927953226125,7.0,0.0,gain
607,6117666160,2016-05-05,9799,2636,2153.0,100.90927953226125,6.0,1.0,gain
608,6117666160,2016-05-06,3365,1838,2354.0,100.90927953226125,10.0,0.0,gain
609,6117666160,2016-05-07,7336,2469,2865.0,100.90927953226125,8.0,0.0,gain
610,6117666160,2016-05-08,7328,2250,2450.0,100.90927953226125,9.0,0.0,gain
611,6117666160,2016-05-09,4477,1248,1613.0,100.90927953226125,8.0,0.0,gain
612,6290855005,2016-04-12,4562,2560,2762.0,84.99571768427303,6.0,0.0,gain
613,6290855005,2016-04-13,7142,2905,3210.0,84.99571768427303,6.0,0.0,gain
614,6290855005,2016-04-14,7671,2952,2320.460850111857,84.99571768427303,6.0,0.0,gain
615,6290855005,2016-04-15,9501,2896,2368.0,84.99571768427303,6.0,1.0,gain
616,6290855005,2016-04-16,8301,2783,2507.0,84.99571768427303,6.0,1.0,gain
617,6290855005,2016-04-18,6885,2766,3312.0,84.99571768427303,6.0,0.0,gain
618,6290855005,2016-04-19,7142,2839,2961.0,84.99571768427303,6.0,0.0,gain
619,6290855005,2016-04-20,6361,2701,2767.0,84.99571768427303,6.0,0.0,gain
620,6290855005,2016-04-21,0,2060,2126.0,84.99571768427303,6.0,0.0,gain
621,6290855005,2016-04-22,6238,2796,3253.0,84.99571768427303,6.0,0.0,gain
622,6290855005,2016-04-23,0,2664,2825.0,84.99571768427303,6.0,0.0,gain
623,6290855005,2016-04-24,5896,2703,3138.0,84.99571768427303,6.0,0.0,gain
624,6290855005,2016-04-25,7802,2771,2320.460850111857,84.99571768427303,6.0,0.0,gain
625,6290855005,2016-04-26,0,2060,2273.0,84.99571768427303,6.0,0.0,gain
626,6290855005,2016-04-27,5565,2743,2999.0,84.99571768427303,6.0,0.0,gain
627,6290855005,2016-04-28,5731,2687,2778.0,84.99571768427303,6.0,0.0,gain
628,6290855005,2016-04-29,0,2060,2431.0,84.99571768427303,6.0,0.0,gain
629,6290855005,2016-04-30,6744,2843,3023.0,84.99571768427303,6.0,0.0,gain
630,6290855005,2016-05-01,9837,3327,2597.0,84.99571768427303,6.0,1.0,gain
631,6290855005,2016-05-02,6781,2725,2907.0,84.99571768427303,6.0,0.0,gain
632,6290855005,2016-05-03,6047,2671,2798.0,84.99571768427303,6.0,0.0,gain
633,6290855005,2016-05-04,5832,2718,3129.0,84.99571768427303,6.0,0.0,gain
634,6290855005,2016-05-05,6339,2682,3128.0,84.99571768427303,6.0,0.0,gain
635,6290855005,2016-05-06,6116,2806,3357.0,84.99571768427303,6.0,0.0,gain
636,6290855005,2016-05-07,5510,2613,2998.0,84.99571768427303,6.0,0.0,gain
637,6290855005,2016-05-08,7706,2712,2320.460850111857,84.99571768427303,6.0,0.0,gain
638,6290855005,2016-05-09,6277,2175,2378.0,84.99571768427303,6.0,0.0,gain
639,6775888955,2016-04-12,0,1841,2098.0,103.38253716851371,5.0,0.0,gain
640,6775888955,2016-04-13,4053,2400,2814.0,103.38253716851371,3.0,0.0,gain
641,6775888955,2016-04-14,5162,2507,2580.0,103.38253716851371,7.0,0.0,gain
642,6775888955,2016-04-15,1282,2127,2582.0,103.38253716851371,6.0,0.0,gain
643,6775888955,2016-04-16,4732,2225,2520.0,103.38253716851371,5.0,0.0,gain
644,6775888955,2016-04-17,2497,2067,2189.0,103.38253716851371,5.0,0.0,gain
645,6775888955,2016-04-18,8294,2798,2142.0,103.38253716851371,5.0,1.0,gain
646,6775888955,2016-04-19,0,1841,1871.0,103.38253716851371,5.0,0.0,gain
647,6775888955,2016-04-20,10771,3727,3081.0,103.38253716851371,5.0,1.0,gain
648,6775888955,2016-04-21,0,1841,2573.0,103.38253716851371,5.0,0.0,gain
649,6775888955,2016-04-22,637,1922,1988.0,103.38253716851371,5.0,0.0,gain
650,6775888955,2016-04-23,0,1841,2115.0,103.38253716851371,5.0,0.0,gain
651,6775888955,2016-04-24,2153,2053,2195.0,103.38253716851371,5.0,0.0,gain
652,6775888955,2016-04-25,6474,2484,3187.0,103.38253716851371,5.0,0.0,gain
653,6775888955,2016-04-26,7091,2584,3141.0,103.38253716851371,5.0,0.0,gain
654,6775888955,2016-04-27,0,1841,2288.0,103.38253716851371,5.0,0.0,gain
655,6775888955,2016-04-28,703,1993,2385.0,103.38253716851371,5.0,0.0,gain
656,6775888955,2016-04-29,0,1841,1937.0,103.38253716851371,5.0,0.0,gain
657,6775888955,2016-04-30,2503,2280,2914.0,103.38253716851371,5.0,0.0,gain
658,6775888955,2016-05-01,2487,2319,2512.0,103.38253716851371,5.0,0.0,gain
659,6775888955,2016-05-02,0,1841,1858.0,103.38253716851371,5.0,0.0,gain
660,6775888955,2016-05-03,9,1843,2548.0,103.38253716851371,5.0,0.0,gain
661,6775888955,2016-05-04,0,1841,2115.0,103.38253716851371,5.0,0.0,gain
662,6775888955,2016-05-05,0,1841,2072.0,103.38253716851371,5.0,0.0,gain
663,6775888955,2016-05-06,4697,2496,2752.0,103.38253716851371,5.0,0.0,gain
664,6775888955,2016-05-07,1967,1032,1525.0,103.38253716851371,5.0,0.0,gain
665,6962181067,2016-04-12,10199,1994,1362.0,62.5,6.0,1.0,lose
666,6962181067,2016-04-13,5652,1718,1867.0,62.0999984741211,10.0,0.0,lose
667,6962181067,2016-04-14,1551,1466,1723.0,61.7000007629395,8.0,0.0,lose
668,6962181067,2016-04-15,5563,1756,2018.0,61.5,6.0,0.0,lose
669,6962181067,2016-04-16,13217,2173,1969.0,62.0,5.0,1.0,lose
670,6962181067,2016-04-17,10145,2027,2026.0,61.4000015258789,7.0,1.0,lose
671,6962181067,2016-04-18,11404,2039,1660.0,61.2000007629395,7.0,1.0,lose
672,6962181067,2016-04-19,10742,2046,1646.0,61.4000015258789,7.0,1.0,lose
673,6962181067,2016-04-20,13928,2174,1987.0,61.7000007629395,6.0,1.0,lose
674,6962181067,2016-04-21,11835,2179,1795.0,61.4000015258789,7.0,1.0,lose
675,6962181067,2016-04-22,10725,2086,1898.0,61.4000015258789,7.0,1.0,lose
676,6962181067,2016-04-23,20031,2571,2138.0,61.5,8.0,1.0,lose
677,6962181067,2016-04-24,5029,1705,1791.0,61.5,8.0,0.0,lose
678,6962181067,2016-04-25,13239,2194,1882.0,61.7000007629395,6.0,1.0,lose
679,6962181067,2016-04-26,10433,2012,1937.0,61.541379731276955,7.0,1.0,lose
680,6962181067,2016-04-27,10320,2034,1814.0,61.2000007629395,7.0,1.0,lose
681,6962181067,2016-04-28,12627,2182,2053.0,61.2000007629395,7.0,1.0,lose
682,6962181067,2016-04-29,10762,2254,2119.0,61.4000015258789,7.0,1.0,lose
683,6962181067,2016-04-30,10081,2002,1932.0,61.0,7.0,1.0,lose
684,6962181067,2016-05-01,5454,1740,2200.0,61.7000007629395,6.0,0.0,lose
685,6962181067,2016-05-02,12912,2162,1882.0,61.5,7.0,1.0,lose
686,6962181067,2016-05-03,12109,2072,1920.0,61.0,6.0,1.0,lose
687,6962181067,2016-05-04,10147,2086,1583.0,61.0999984741211,7.0,1.0,lose
688,6962181067,2016-05-05,10524,2066,1879.0,61.2999992370605,7.0,1.0,lose
689,6962181067,2016-05-06,5908,1850,1999.0,61.5,7.0,0.0,lose
690,6962181067,2016-05-07,6815,1947,2267.0,61.2000007629395,4.0,0.0,lose
691,6962181067,2016-05-08,4188,1659,2018.0,61.2000007629395,9.0,0.0,lose
692,6962181067,2016-05-09,12342,2105,1990.0,62.4000015258789,8.0,1.0,lose
693,6962181067,2016-05-10,15448,2361,2313.0,62.0999984741211,7.0,1.0,lose
694,6962181067,2016-05-11,6722,1855,2328.0,61.9000015258789,7.0,0.0,lose
695,7007744171,2016-04-12,14172,2937,2896.0,58.38806203039225,1.0,1.0,lose
696,7007744171,2016-04-13,12862,2742,2278.0,58.38806203039225,1.0,1.0,lose
697,7007744171,2016-04-14,11179,2668,2368.0,58.38806203039225,1.0,1.0,lose
698,7007744171,2016-04-15,5273,2098,2151.0,58.38806203039225,1.0,0.0,lose
699,7007744171,2016-04-16,4631,2076,2572.0,58.38806203039225,1.0,0.0,lose
700,7007744171,2016-04-17,8059,2383,1640.0,58.38806203039225,1.0,1.0,lose
701,7007744171,2016-04-18,14816,2832,2748.0,58.38806203039225,1.0,1.0,lose
702,7007744171,2016-04-19,14194,2812,2353.0,58.38806203039225,1.0,1.0,lose
703,7007744171,2016-04-20,15566,3096,2896.0,58.38806203039225,1.0,1.0,lose
704,7007744171,2016-04-21,13744,2763,2289.0,58.38806203039225,1.0,1.0,lose
705,7007744171,2016-04-22,15299,2889,2726.0,58.38806203039225,1.0,1.0,lose
706,7007744171,2016-04-23,8093,2284,1785.0,58.38806203039225,1.0,1.0,lose
707,7007744171,2016-04-24,11085,2667,2666.0,58.38806203039225,1.0,1.0,lose
708,7007744171,2016-04-25,18229,3055,2755.0,58.38806203039225,1.0,1.0,lose
709,7007744171,2016-04-26,15090,2939,2856.0,58.38806203039225,1.0,1.0,lose
710,7007744171,2016-04-27,13541,2830,2776.0,58.38806203039225,1.0,1.0,lose
711,7007744171,2016-04-28,15128,2836,2397.0,58.38806203039225,1.0,1.0,lose
712,7007744171,2016-04-29,20067,3180,2996.0,58.38806203039225,1.0,1.0,lose
713,7007744171,2016-04-30,3761,2051,2701.0,58.38806203039225,1.0,0.0,lose
714,7007744171,2016-05-01,5600,2225,2657.0,58.38806203039225,0.0,0.0,lose
715,7007744171,2016-05-02,13041,2642,2264.0,58.38806203039225,1.0,1.0,lose
716,7007744171,2016-05-03,14510,2976,2499.0,58.38806203039225,1.0,1.0,lose
717,7007744171,2016-05-04,0,1557,1887.0,58.38806203039225,1.0,0.0,lose
718,7007744171,2016-05-05,15010,2933,2920.0,58.38806203039225,1.0,1.0,lose
719,7007744171,2016-05-06,11459,2553,2094.0,58.38806203039225,1.0,1.0,lose
720,7086361926,2016-04-12,11317,2772,2597.0,89.78726096230137,8.0,1.0,lose
721,7086361926,2016-04-13,5813,2516,3148.0,89.78726096230137,7.0,0.0,lose
722,7086361926,2016-04-14,9123,2734,2169.0,89.78726096230137,7.0,1.0,lose
723,7086361926,2016-04-15,8585,2395,2187.0,89.78726096230137,6.0,1.0,lose
724,7086361926,2016-04-16,31,1635,1636.0,89.78726096230137,7.0,0.0,lose
725,7086361926,2016-04-17,0,1629,2061.0,89.78726096230137,7.0,0.0,lose
726,7086361926,2016-04-18,9827,2743,2708.0,89.78726096230137,7.0,1.0,lose
727,7086361926,2016-04-19,10688,2944,2809.0,89.78726096230137,7.0,1.0,lose
728,7086361926,2016-04-20,14365,2997,2758.0,89.78726096230137,8.0,1.0,lose
729,7086361926,2016-04-21,9469,2463,2134.0,89.78726096230137,6.0,1.0,lose
730,7086361926,2016-04-22,9753,2846,2763.0,89.78726096230137,7.0,1.0,lose
731,7086361926,2016-04-23,2817,1965,2114.0,89.78726096230137,7.0,0.0,lose
732,7086361926,2016-04-24,3520,2049,2265.0,89.78726096230137,11.0,0.0,lose
733,7086361926,2016-04-25,10091,2752,2424.0,89.78726096230137,7.0,1.0,lose
734,7086361926,2016-04-26,10387,2781,2448.0,89.78726096230137,8.0,1.0,lose
735,7086361926,2016-04-27,11107,2693,2156.0,89.78726096230137,7.0,1.0,lose
736,7086361926,2016-04-28,11584,2862,2131.0,89.78726096230137,5.0,1.0,lose
737,7086361926,2016-04-29,7881,2616,2320.460850111857,89.78726096230137,7.0,0.0,lose
738,7086361926,2016-04-30,14560,2995,2808.0,89.78726096230137,8.0,1.0,lose
739,7086361926,2016-05-01,12390,2730,2406.0,89.78726096230137,6.0,1.0,lose
740,7086361926,2016-05-02,10052,2754,2730.0,89.78726096230137,7.0,1.0,lose
741,7086361926,2016-05-03,10288,2754,2080.0,89.78726096230137,7.0,1.0,lose
742,7086361926,2016-05-04,10988,2655,2200.0,89.78726096230137,7.0,1.0,lose
743,7086361926,2016-05-05,8564,2386,1786.0,89.78726096230137,7.0,1.0,lose
744,7086361926,2016-05-06,12461,2924,2422.0,89.78726096230137,5.0,1.0,lose
745,7086361926,2016-05-07,12827,2739,2467.0,89.78726096230137,8.0,1.0,lose
746,7086361926,2016-05-08,10677,2534,2194.0,89.78726096230137,8.0,1.0,lose
747,7086361926,2016-05-09,13566,2960,2671.0,89.78726096230137,7.0,1.0,lose
748,7086361926,2016-05-10,14433,2800,2572.0,89.78726096230137,7.0,1.0,lose
749,7086361926,2016-05-11,9572,2735,2484.0,89.78726096230137,7.0,1.0,lose
750,7086361926,2016-05-12,3789,1199,1637.0,89.78726096230137,7.0,0.0,lose
751,8053475328,2016-04-12,18060,3186,2861.0,102.34367121871162,4.0,1.0,lose
752,8053475328,2016-04-13,16433,3140,2824.0,102.34367121871162,4.0,1.0,lose
753,8053475328,2016-04-14,20159,3411,2763.0,102.34367121871162,4.0,1.0,lose
754,8053475328,2016-04-15,20669,3410,2878.0,102.34367121871162,4.0,1.0,lose
755,8053475328,2016-04-16,14549,2867,2825.0,102.34367121871162,4.0,1.0,lose
756,8053475328,2016-04-17,18827,3213,3005.0,102.34367121871162,4.0,1.0,lose
757,8053475328,2016-04-18,17076,3133,2832.0,102.34367121871162,4.0,1.0,lose
758,8053475328,2016-04-19,15929,3114,2581.0,102.34367121871162,4.0,1.0,lose
759,8053475328,2016-04-20,15108,3043,2768.0,102.34367121871162,8.0,1.0,lose
760,8053475328,2016-04-21,16057,3103,2947.0,102.34367121871162,4.0,1.0,lose
761,8053475328,2016-04-22,10520,2655,2435.0,102.34367121871162,4.0,1.0,lose
762,8053475328,2016-04-23,22359,3554,3531.0,102.34367121871162,5.0,1.0,lose
763,8053475328,2016-04-24,22988,3577,3287.0,102.34367121871162,4.0,1.0,lose
764,8053475328,2016-04-25,20500,3403,3309.0,102.34367121871162,4.0,1.0,lose
765,8053475328,2016-04-26,12685,2846,2824.0,102.34367121871162,4.0,1.0,lose
766,8053475328,2016-04-27,12422,2852,2503.0,102.34367121871162,4.0,1.0,lose
767,8053475328,2016-04-28,15447,3062,2792.0,102.34367121871162,4.0,1.0,lose
768,8053475328,2016-04-29,12315,2794,2466.0,102.34367121871162,4.0,1.0,lose
769,8053475328,2016-04-30,7135,2408,2531.0,102.34367121871162,4.0,0.0,lose
770,8053475328,2016-05-01,1170,1886,1888.0,102.34367121871162,4.0,0.0,lose
771,8053475328,2016-05-02,1969,1988,2145.0,102.34367121871162,4.0,0.0,lose
772,8053475328,2016-05-03,15484,3023,2866.0,102.34367121871162,4.0,1.0,lose
773,8053475328,2016-05-04,14581,2918,2740.0,102.34367121871162,4.0,1.0,lose
774,8053475328,2016-05-05,14990,2950,2784.0,102.34367121871162,4.0,1.0,lose
775,8053475328,2016-05-06,13953,2859,2307.0,102.34367121871162,4.0,1.0,lose
776,8053475328,2016-05-07,19769,3331,2846.0,102.34367121871162,1.0,1.0,lose
777,8053475328,2016-05-08,22026,3589,3034.0,102.34367121871162,4.0,1.0,lose
778,8053475328,2016-05-09,12465,2765,2342.0,102.34367121871162,4.0,1.0,lose
779,8053475328,2016-05-10,14810,2926,2405.0,102.34367121871162,4.0,1.0,lose
780,8053475328,2016-05-11,12209,2809,2370.0,102.34367121871162,4.0,1.0,lose
781,8053475328,2016-05-12,4998,1505,1516.0,102.34367121871162,4.0,0.0,lose
782,8253242879,2016-04-12,9033,2044,1984.0,99.33750599059813,6.0,1.0,gain
783,8253242879,2016-04-13,8053,1935,1321.0,99.33750599059813,6.0,1.0,gain
784,8253242879,2016-04-14,5234,1705,1953.0,99.33750599059813,6.0,0.0,gain
785,8253242879,2016-04-15,2672,1632,2146.0,99.33750599059813,6.0,0.0,gain
786,8253242879,2016-04-16,9256,1880,1566.0,99.33750599059813,6.0,1.0,gain
787,8253242879,2016-04-17,10204,2112,1790.0,99.33750599059813,6.0,1.0,gain
788,8253242879,2016-04-18,5151,1829,2034.0,99.33750599059813,6.0,0.0,gain
789,8253242879,2016-04-19,4212,1763,2126.0,99.33750599059813,6.0,0.0,gain
790,8253242879,2016-04-20,6466,1931,2601.0,99.33750599059813,6.0,0.0,gain
791,8253242879,2016-04-21,11268,2218,1957.0,99.33750599059813,6.0,1.0,gain
792,8253242879,2016-04-22,2824,1651,1873.0,99.33750599059813,6.0,0.0,gain
793,8253242879,2016-04-23,9282,2132,2085.0,99.33750599059813,6.0,1.0,gain
794,8253242879,2016-04-24,8905,1976,1946.0,99.33750599059813,6.0,1.0,gain
795,8253242879,2016-04-25,6829,1909,2095.0,99.33750599059813,6.0,0.0,gain
796,8253242879,2016-04-26,4562,1813,1822.0,99.33750599059813,6.0,0.0,gain
797,8253242879,2016-04-27,10232,2008,1507.0,99.33750599059813,6.0,1.0,gain
798,8253242879,2016-04-28,2718,1580,1589.0,99.33750599059813,6.0,0.0,gain
799,8253242879,2016-04-29,6260,1854,2423.0,99.33750599059813,6.0,0.0,gain
800,8378563200,2016-04-13,12386,4079,4018.0,97.81518994717226,7.0,1.0,lose
801,8378563200,2016-04-14,13318,4163,3815.0,97.81518994717226,7.0,1.0,lose
802,8378563200,2016-04-15,14461,3666,3422.0,97.81518994717226,8.0,1.0,lose
803,8378563200,2016-04-16,11207,3363,3003.0,97.81518994717226,10.0,1.0,lose
804,8378563200,2016-04-17,2132,2572,3040.0,97.81518994717226,8.0,0.0,lose
805,8378563200,2016-04-18,13630,4157,4026.0,97.81518994717226,6.0,1.0,lose
806,8378563200,2016-04-19,13070,4092,4079.0,97.81518994717226,6.0,1.0,lose
807,8378563200,2016-04-20,9388,3787,3715.0,97.81518994717226,6.0,1.0,lose
808,8378563200,2016-04-21,15148,4236,3814.0,97.81518994717226,6.0,1.0,lose
809,8378563200,2016-04-22,12200,4044,3517.0,97.81518994717226,7.0,1.0,lose
810,8378563200,2016-04-23,5709,2908,3501.0,97.81518994717226,9.0,0.0,lose
811,8378563200,2016-04-24,3703,2741,3231.0,97.81518994717226,7.0,0.0,lose
812,8378563200,2016-04-25,12405,4005,3578.0,97.81518994717226,6.0,1.0,lose
813,8378563200,2016-04-25,12405,4005,3581.0,97.81518994717226,6.0,1.0,lose
814,8378563200,2016-04-26,16208,3763,3599.0,97.81518994717226,9.0,1.0,lose
815,8378563200,2016-04-27,7359,3061,3527.0,97.81518994717226,8.0,0.0,lose
816,8378563200,2016-04-28,5417,2884,2941.0,97.81518994717226,8.0,0.0,lose
817,8378563200,2016-04-29,6175,2982,3264.0,97.81518994717226,8.0,0.0,lose
818,8378563200,2016-04-30,2946,2660,2918.0,97.81518994717226,7.0,0.0,lose
819,8378563200,2016-05-01,11419,3369,2812.0,97.81518994717226,7.0,1.0,lose
820,8378563200,2016-05-03,8712,3784,3276.0,97.81518994717226,6.0,1.0,lose
821,8378563200,2016-05-05,8567,3783,3265.0,97.81518994717226,6.0,1.0,lose
822,8378563200,2016-05-07,4468,2799,3218.0,97.81518994717226,7.0,0.0,lose
823,8378563200,2016-05-08,2943,2685,2843.0,97.81518994717226,9.0,0.0,lose
824,8378563200,2016-05-09,8382,3721,3300.0,97.81518994717226,5.0,1.0,lose
825,8378563200,2016-05-11,9143,3788,3183.0,97.81518994717226,6.0,1.0,lose
826,8378563200,2016-05-12,4561,1976,2189.0,97.81518994717226,8.0,0.0,lose
827,8583815059,2016-04-12,5014,2650,2761.0,95.44603106866754,6.0,0.0,gain
828,8583815059,2016-04-13,5571,2654,2763.0,95.44603106866754,6.0,0.0,gain
829,8583815059,2016-04-14,3135,2443,2802.0,95.44603106866754,6.0,0.0,gain
830,8583815059,2016-04-15,3430,2505,2586.0,95.44603106866754,6.0,0.0,gain
831,8583815059,2016-04-16,5319,2693,3090.0,95.44603106866754,6.0,0.0,gain
832,8583815059,2016-04-17,3008,2439,2918.0,95.44603106866754,6.0,0.0,gain
833,8583815059,2016-04-18,3864,2536,2976.0,95.44603106866754,6.0,0.0,gain
834,8583815059,2016-04-19,5697,2668,3009.0,95.44603106866754,6.0,0.0,gain
835,8583815059,2016-04-20,5273,2647,3112.0,95.44603106866754,6.0,0.0,gain
836,8583815059,2016-04-21,8538,2883,2490.0,95.44603106866754,6.0,1.0,gain
837,8583815059,2016-04-22,8687,2944,2856.0,95.44603106866754,6.0,1.0,gain
838,8583815059,2016-04-23,9423,3012,2905.0,95.44603106866754,6.0,1.0,gain
839,8583815059,2016-04-24,8286,2889,2763.0,95.44603106866754,6.0,1.0,gain
840,8583815059,2016-04-25,4503,2547,2761.0,95.44603106866754,6.0,0.0,gain
841,8583815059,2016-04-26,10499,3093,2660.0,95.44603106866754,6.0,1.0,gain
842,8583815059,2016-04-27,12474,3142,2651.0,95.44603106866754,6.0,1.0,gain
843,8583815059,2016-04-28,6174,2757,2905.0,95.44603106866754,6.0,0.0,gain
844,8583815059,2016-04-29,15168,3513,3192.0,95.44603106866754,6.0,1.0,gain
845,8583815059,2016-04-30,10085,3164,2995.0,95.44603106866754,6.0,1.0,gain
846,8583815059,2016-05-01,4512,2596,2648.0,95.44603106866754,6.0,0.0,gain
847,8583815059,2016-05-02,8469,2894,2670.0,95.44603106866754,6.0,1.0,gain
848,8583815059,2016-05-03,12015,3212,2597.0,95.44603106866754,6.0,1.0,gain
849,8583815059,2016-05-04,3588,2516,2574.0,95.44603106866754,6.0,0.0,gain
850,8583815059,2016-05-05,12427,3266,2942.0,95.44603106866754,6.0,1.0,gain
851,8583815059,2016-05-06,5843,2683,3156.0,95.44603106866754,6.0,0.0,gain
852,8583815059,2016-05-07,6117,2810,3073.0,95.44603106866754,6.0,0.0,gain
853,8583815059,2016-05-08,9217,2940,2798.0,95.44603106866754,6.0,1.0,gain
854,8583815059,2016-05-09,9877,2947,2728.0,95.44603106866754,6.0,1.0,gain
855,8583815059,2016-05-10,8240,2846,2542.0,95.44603106866754,6.0,1.0,gain
856,8583815059,2016-05-11,8701,2804,2635.0,95.44603106866754,6.0,1.0,gain
857,8792009665,2016-04-12,2564,2044,2383.0,55.02165183616198,7.0,0.0,gain
858,8792009665,2016-04-13,1320,1934,1940.0,55.02165183616198,8.0,0.0,gain
859,8792009665,2016-04-14,1219,1963,2115.0,55.02165183616198,8.0,0.0,gain
860,8792009665,2016-04-15,2483,2009,2020.0,55.02165183616198,6.0,0.0,gain
861,8792009665,2016-04-16,244,1721,2314.0,55.02165183616198,7.0,0.0,gain
862,8792009665,2016-04-17,0,1688,2378.0,55.02165183616198,7.0,0.0,gain
863,8792009665,2016-04-18,0,1688,1834.0,55.02165183616198,7.0,0.0,gain
864,8792009665,2016-04-19,0,1688,2174.0,55.02165183616198,7.0,0.0,gain
865,8792009665,2016-04-20,3147,2188,2542.0,55.02165183616198,8.0,0.0,gain
866,8792009665,2016-04-21,144,1720,1939.0,55.02165183616198,7.0,0.0,gain
867,8792009665,2016-04-22,4068,2419,3030.0,55.02165183616198,6.0,0.0,gain
868,8792009665,2016-04-23,5245,2748,3050.0,55.02165183616198,5.0,0.0,gain
869,8792009665,2016-04-24,400,1799,2206.0,55.02165183616198,7.0,0.0,gain
870,8792009665,2016-04-25,0,1688,2173.0,55.02165183616198,7.0,0.0,gain
871,8792009665,2016-04-26,1321,1928,1977.0,55.02165183616198,7.0,0.0,gain
872,8792009665,2016-04-27,1758,2067,2172.0,55.02165183616198,7.0,0.0,gain
873,8792009665,2016-04-28,6157,2780,3044.0,55.02165183616198,6.0,0.0,gain
874,8792009665,2016-04-29,8360,3101,2569.0,55.02165183616198,6.0,1.0,gain
875,8792009665,2016-04-30,7174,2896,3262.0,55.02165183616198,5.0,0.0,gain
876,8792009665,2016-05-01,1619,1962,2590.0,55.02165183616198,8.0,0.0,gain
877,8792009665,2016-05-02,1831,2015,2267.0,55.02165183616198,6.0,0.0,gain
878,8792009665,2016-05-03,2421,2297,2662.0,55.02165183616198,8.0,0.0,gain
879,8792009665,2016-05-04,2283,2067,2556.0,55.02165183616198,7.0,0.0,gain
880,8792009665,2016-05-05,0,1688,1803.0,55.02165183616198,7.0,0.0,gain
881,8792009665,2016-05-06,0,1688,2168.0,55.02165183616198,7.0,0.0,gain
882,8792009665,2016-05-07,0,1688,1966.0,55.02165183616198,7.0,0.0,gain
883,8792009665,2016-05-08,0,1688,2041.0,55.02165183616198,7.0,0.0,gain
884,8792009665,2016-05-09,0,1688,2191.0,55.02165183616198,7.0,0.0,gain
885,8877689391,2016-04-12,23186,3921,3671.0,85.8000030517578,6.0,1.0,lose
886,8877689391,2016-04-13,15337,3566,3392.0,84.9000015258789,6.0,1.0,lose
887,8877689391,2016-04-14,21129,3793,3462.0,84.5,6.0,1.0,lose
888,8877689391,2016-04-15,13422,3934,3866.0,85.11363740400834,6.0,1.0,lose
889,8877689391,2016-04-17,15118,3545,3439.0,85.11363740400834,6.0,1.0,lose
890,8877689391,2016-04-18,11423,2761,2265.0,85.8000030517578,6.0,1.0,lose
891,8877689391,2016-04-19,18785,3676,3397.0,85.3000030517578,6.0,1.0,lose
892,8877689391,2016-04-20,19948,3679,3533.0,84.9000015258789,6.0,1.0,lose
893,8877689391,2016-04-21,19377,3659,3199.0,84.5,6.0,1.0,lose
894,8877689391,2016-04-22,18258,3427,3104.0,85.11363740400834,6.0,1.0,lose
895,8877689391,2016-04-23,11200,3891,3873.0,85.5,6.0,1.0,lose
896,8877689391,2016-04-24,16674,3455,3051.0,85.5,6.0,1.0,lose
897,8877689391,2016-04-25,12986,3802,3631.0,85.4000015258789,6.0,1.0,lose
898,8877689391,2016-04-26,11101,2860,2644.0,85.0999984741211,6.0,1.0,lose
899,8877689391,2016-04-27,23629,3808,3803.0,85.4000015258789,6.0,1.0,lose
900,8877689391,2016-04-28,14890,3060,2976.0,85.0999984741211,6.0,1.0,lose
901,8877689391,2016-04-29,9733,2698,2382.0,84.9000015258789,6.0,1.0,lose
902,8877689391,2016-05-01,10930,2786,2142.0,85.3000030517578,6.0,1.0,lose
903,8877689391,2016-05-02,4790,2189,2371.0,85.11363740400834,6.0,0.0,lose
904,8877689391,2016-05-03,10818,2817,2539.0,84.9000015258789,6.0,1.0,lose
905,8877689391,2016-05-04,18193,3477,2871.0,84.4000015258789,6.0,1.0,lose
906,8877689391,2016-05-05,14055,3052,2312.0,85.11363740400834,6.0,1.0,lose
907,8877689391,2016-05-06,21727,4015,3963.0,85.0,6.0,1.0,lose
908,8877689391,2016-05-07,12332,4142,3528.0,85.11363740400834,6.0,1.0,lose
909,8877689391,2016-05-08,10686,2847,2453.0,85.4000015258789,6.0,1.0,lose
910,8877689391,2016-05-09,20226,3710,3397.0,85.5,6.0,1.0,lose
911,8877689391,2016-05-10,10733,2832,2463.0,85.11363740400834,6.0,1.0,lose
912,8877689391,2016-05-11,21420,3832,3624.0,85.4000015258789,6.0,1.0,lose
913,8877689391,2016-05-12,8064,1849,1343.0,84.0,6.0,1.0,lose
